Upper tier local authorities Code,Upper tier local authorities,Ethnic group (8 categories) Code,Ethnic group,Observation
E06000001,Hartlepool,-8,Does not apply,0
E06000001,Hartlepool,1,Asian,1599
E06000001,Hartlepool,2,Black,445
E06000001,Hartlepool,3,Mixed,671
E06000001,Hartlepool,4,White British,87761
E06000001,Hartlepool,5,White Other,170
E06000001,Hartlepool,6,White Other,1137
E06000001,Hartlepool,7,Other,555
E06000002,Middlesbrough,-8,Does not apply,0
E06000002,Middlesbrough,1,Asian,15092
E06000002,Middlesbrough,2,Black,3815
E06000002,Middlesbrough,3,Mixed,3001
E06000002,Middlesbrough,4,White British,114421
E06000002,Middlesbrough,5,White Other,434
E06000002,Middlesbrough,6,White Other,3693
E06000002,Middlesbrough,7,Other,3468
E06000003,Redcar & Clevel&,-8,Does not apply,0
E06000003,Redcar & Clevel&,1,Asian,1160
E06000003,Redcar & Clevel&,2,Black,265
E06000003,Redcar & Clevel&,3,Mixed,1187
E06000003,Redcar & Clevel&,4,White British,131789
E06000003,Redcar & Clevel&,5,White Other,350
E06000003,Redcar & Clevel&,6,White Other,1248
E06000003,Redcar & Clevel&,7,Other,532
E06000004,Stockton-on-Tees,-8,Does not apply,0
E06000004,Stockton-on-Tees,1,Asian,9052
E06000004,Stockton-on-Tees,2,Black,2203
E06000004,Stockton-on-Tees,3,Mixed,2739
E06000004,Stockton-on-Tees,4,White British,177526
E06000004,Stockton-on-Tees,5,White Other,528
E06000004,Stockton-on-Tees,6,White Other,2883
E06000004,Stockton-on-Tees,7,Other,1664
E06000005,Darlington,-8,Does not apply,0
E06000005,Darlington,1,Asian,2966
E06000005,Darlington,2,Black,701
E06000005,Darlington,3,Mixed,1472
E06000005,Darlington,4,White British,97320
E06000005,Darlington,5,White Other,342
E06000005,Darlington,6,White Other,4065
E06000005,Darlington,7,Other,932
E06000006,Halton,-8,Does not apply,0
E06000006,Halton,1,Asian,1435
E06000006,Halton,2,Black,511
E06000006,Halton,3,Mixed,1792
E06000006,Halton,4,White British,120301
E06000006,Halton,5,White Other,685
E06000006,Halton,6,White Other,2990
E06000006,Halton,7,Other,764
E06000007,Warrington,-8,Does not apply,0
E06000007,Warrington,1,Asian,6954
E06000007,Warrington,2,Black,1576
E06000007,Warrington,3,Mixed,3335
E06000007,Warrington,4,White British,185940
E06000007,Warrington,5,White Other,1366
E06000007,Warrington,6,White Other,10000
E06000007,Warrington,7,Other,1803
E06000008,Blackburn with Darwen,-8,Does not apply,0
E06000008,Blackburn with Darwen,1,Asian,55178
E06000008,Blackburn with Darwen,2,Black,1403
E06000008,Blackburn with Darwen,3,Mixed,2597
E06000008,Blackburn with Darwen,4,White British,87997
E06000008,Blackburn with Darwen,5,White Other,589
E06000008,Blackburn with Darwen,6,White Other,4806
E06000008,Blackburn with Darwen,7,Other,2169
E06000009,Blackpool,-8,Does not apply,0
E06000009,Blackpool,1,Asian,3674
E06000009,Blackpool,2,Black,710
E06000009,Blackpool,3,Mixed,2210
E06000009,Blackpool,4,White British,127445
E06000009,Blackpool,5,White Other,808
E06000009,Blackpool,6,White Other,5297
E06000009,Blackpool,7,Other,892
E06000010,Kingston upon Hull,-8,Does not apply,0
E06000010,Kingston upon Hull,1,Asian,7516
E06000010,Kingston upon Hull,2,Black,5065
E06000010,Kingston upon Hull,3,Mixed,4513
E06000010,Kingston upon Hull,4,White British,223962
E06000010,Kingston upon Hull,5,White Other,455
E06000010,Kingston upon Hull,6,White Other,20572
E06000010,Kingston upon Hull,7,Other,4931
E06000011,East Riding of Yorkshire,-8,Does not apply,0
E06000011,East Riding of Yorkshire,1,Asian,3685
E06000011,East Riding of Yorkshire,2,Black,894
E06000011,East Riding of Yorkshire,3,Mixed,3198
E06000011,East Riding of Yorkshire,4,White British,323838
E06000011,East Riding of Yorkshire,5,White Other,1063
E06000011,East Riding of Yorkshire,6,White Other,8261
E06000011,East Riding of Yorkshire,7,Other,1276
E06000012,North East Lincolnshire,-8,Does not apply,0
E06000012,North East Lincolnshire,1,Asian,2436
E06000012,North East Lincolnshire,2,Black,845
E06000012,North East Lincolnshire,3,Mixed,1617
E06000012,North East Lincolnshire,4,White British,145362
E06000012,North East Lincolnshire,5,White Other,320
E06000012,North East Lincolnshire,6,White Other,5349
E06000012,North East Lincolnshire,7,Other,1037
E06000013,North Lincolnshire,-8,Does not apply,0
E06000013,North Lincolnshire,1,Asian,5621
E06000013,North Lincolnshire,2,Black,816
E06000013,North Lincolnshire,3,Mixed,1820
E06000013,North Lincolnshire,4,White British,150554
E06000013,North Lincolnshire,5,White Other,556
E06000013,North Lincolnshire,6,White Other,8941
E06000013,North Lincolnshire,7,Other,1372
E06000014,York,-8,Does not apply,0
E06000014,York,1,Asian,7633
E06000014,York,2,Black,1324
E06000014,York,3,Mixed,3741
E06000014,York,4,White British,176963
E06000014,York,5,White Other,1317
E06000014,York,6,White Other,9889
E06000014,York,7,Other,1954
E06000015,Derby,-8,Does not apply,0
E06000015,Derby,1,Asian,40901
E06000015,Derby,2,Black,10482
E06000015,Derby,3,Mixed,9562
E06000015,Derby,4,White British,173077
E06000015,Derby,5,White Other,1982
E06000015,Derby,6,White Other,17812
E06000015,Derby,7,Other,7548
E06000016,Leicester,-8,Does not apply,0
E06000016,Leicester,1,Asian,159974
E06000016,Leicester,2,Black,28766
E06000016,Leicester,3,Mixed,13899
E06000016,Leicester,4,White British,122395
E06000016,Leicester,5,White Other,1789
E06000016,Leicester,6,White Other,26473
E06000016,Leicester,7,Other,15272
E06000017,Rutl&,-8,Does not apply,0
E06000017,Rutl&,1,Asian,632
E06000017,Rutl&,2,Black,552
E06000017,Rutl&,3,Mixed,744
E06000017,Rutl&,4,White British,37372
E06000017,Rutl&,5,White Other,265
E06000017,Rutl&,6,White Other,1272
E06000017,Rutl&,7,Other,212
E06000018,Nottingham,-8,Does not apply,0
E06000018,Nottingham,1,Asian,48217
E06000018,Nottingham,2,Black,32212
E06000018,Nottingham,3,Mixed,19063
E06000018,Nottingham,4,White British,185580
E06000018,Nottingham,5,White Other,2360
E06000018,Nottingham,6,White Other,25490
E06000018,Nottingham,7,Other,10710
E06000019,Herefordshire,-8,Does not apply,0
E06000019,Herefordshire,1,Asian,2218
E06000019,Herefordshire,2,Black,567
E06000019,Herefordshire,3,Mixed,1980
E06000019,Herefordshire,4,White British,170419
E06000019,Herefordshire,5,White Other,727
E06000019,Herefordshire,6,White Other,10102
E06000019,Herefordshire,7,Other,1021
E06000020,Telford & Wrekin,-8,Does not apply,0
E06000020,Telford & Wrekin,1,Asian,10066
E06000020,Telford & Wrekin,2,Black,5351
E06000020,Telford & Wrekin,3,Mixed,4844
E06000020,Telford & Wrekin,4,White British,153936
E06000020,Telford & Wrekin,5,White Other,723
E06000020,Telford & Wrekin,6,White Other,8977
E06000020,Telford & Wrekin,7,Other,1643
E06000021,Stoke-on-Trent,-8,Does not apply,0
E06000021,Stoke-on-Trent,1,Asian,25597
E06000021,Stoke-on-Trent,2,Black,6884
E06000021,Stoke-on-Trent,3,Mixed,5860
E06000021,Stoke-on-Trent,4,White British,202906
E06000021,Stoke-on-Trent,5,White Other,572
E06000021,Stoke-on-Trent,6,White Other,12221
E06000021,Stoke-on-Trent,7,Other,4329
E06000022,Bath & North East Somerset,-8,Does not apply,0
E06000022,Bath & North East Somerset,1,Asian,6389
E06000022,Bath & North East Somerset,2,Black,1846
E06000022,Bath & North East Somerset,3,Mixed,5256
E06000022,Bath & North East Somerset,4,White British,165478
E06000022,Bath & North East Somerset,5,White Other,1427
E06000022,Bath & North East Somerset,6,White Other,11403
E06000022,Bath & North East Somerset,7,Other,1610
E06000023,Bristol,-8,Does not apply,0
E06000023,Bristol,1,Asian,31269
E06000023,Bristol,2,Black,27890
E06000023,Bristol,3,Mixed,21116
E06000023,Bristol,4,White British,338452
E06000023,Bristol,5,White Other,4288
E06000023,Bristol,6,White Other,40402
E06000023,Bristol,7,Other,9050
E06000024,North Somerset,-8,Does not apply,0
E06000024,North Somerset,1,Asian,3321
E06000024,North Somerset,2,Black,1139
E06000024,North Somerset,3,Mixed,3638
E06000024,North Somerset,4,White British,195915
E06000024,North Somerset,5,White Other,1210
E06000024,North Somerset,6,White Other,10305
E06000024,North Somerset,7,Other,1204
E06000025,South Gloucestershire,-8,Does not apply,0
E06000025,South Gloucestershire,1,Asian,11094
E06000025,South Gloucestershire,2,Black,4534
E06000025,South Gloucestershire,3,Mixed,7289
E06000025,South Gloucestershire,4,White British,249160
E06000025,South Gloucestershire,5,White Other,1327
E06000025,South Gloucestershire,6,White Other,14369
E06000025,South Gloucestershire,7,Other,2652
E06000026,Plymouth,-8,Does not apply,0
E06000026,Plymouth,1,Asian,5947
E06000026,Plymouth,2,Black,2786
E06000026,Plymouth,3,Mixed,4656
E06000026,Plymouth,4,White British,236802
E06000026,Plymouth,5,White Other,1055
E06000026,Plymouth,6,White Other,10871
E06000026,Plymouth,7,Other,2579
E06000027,Torbay,-8,Does not apply,0
E06000027,Torbay,1,Asian,2253
E06000027,Torbay,2,Black,447
E06000027,Torbay,3,Mixed,2084
E06000027,Torbay,4,White British,128375
E06000027,Torbay,5,White Other,714
E06000027,Torbay,6,White Other,4833
E06000027,Torbay,7,Other,618
E06000030,Swindon,-8,Does not apply,0
E06000030,Swindon,1,Asian,27173
E06000030,Swindon,2,Black,6123
E06000030,Swindon,3,Mixed,6494
E06000030,Swindon,4,White British,173231
E06000030,Swindon,5,White Other,1545
E06000030,Swindon,6,White Other,15366
E06000030,Swindon,7,Other,3478
E06000031,Peterborough,-8,Does not apply,0
E06000031,Peterborough,1,Asian,30801
E06000031,Peterborough,2,Black,8751
E06000031,Peterborough,3,Mixed,7617
E06000031,Peterborough,4,White British,128353
E06000031,Peterborough,5,White Other,1177
E06000031,Peterborough,6,White Other,33051
E06000031,Peterborough,7,Other,5923
E06000032,Luton,-8,Does not apply,0
E06000032,Luton,1,Asian,83325
E06000032,Luton,2,Black,22736
E06000032,Luton,3,Mixed,9620
E06000032,Luton,4,White British,71532
E06000032,Luton,5,White Other,4570
E06000032,Luton,6,White Other,25696
E06000032,Luton,7,Other,7783
E06000033,Southend-on-Sea,-8,Does not apply,0
E06000033,Southend-on-Sea,1,Asian,9865
E06000033,Southend-on-Sea,2,Black,5153
E06000033,Southend-on-Sea,3,Mixed,5553
E06000033,Southend-on-Sea,4,White British,147442
E06000033,Southend-on-Sea,5,White Other,1569
E06000033,Southend-on-Sea,6,White Other,9068
E06000033,Southend-on-Sea,7,Other,2036
E06000034,Thurrock,-8,Does not apply,0
E06000034,Thurrock,1,Asian,12208
E06000034,Thurrock,2,Black,20877
E06000034,Thurrock,3,Mixed,5252
E06000034,Thurrock,4,White British,116430
E06000034,Thurrock,5,White Other,993
E06000034,Thurrock,6,White Other,17565
E06000034,Thurrock,7,Other,2676
E06000035,Medway,-8,Does not apply,0
E06000035,Medway,1,Asian,16485
E06000035,Medway,2,Black,15723
E06000035,Medway,3,Mixed,7859
E06000035,Medway,4,White British,218953
E06000035,Medway,5,White Other,1866
E06000035,Medway,6,White Other,14928
E06000035,Medway,7,Other,3959
E06000036,Bracknell Forest,-8,Does not apply,0
E06000036,Bracknell Forest,1,Asian,8880
E06000036,Bracknell Forest,2,Black,2993
E06000036,Bracknell Forest,3,Mixed,3843
E06000036,Bracknell Forest,4,White British,96950
E06000036,Bracknell Forest,5,White Other,1038
E06000036,Bracknell Forest,6,White Other,9282
E06000036,Bracknell Forest,7,Other,1621
E06000037,West Berkshire,-8,Does not apply,0
E06000037,West Berkshire,1,Asian,5991
E06000037,West Berkshire,2,Black,2030
E06000037,West Berkshire,3,Mixed,3856
E06000037,West Berkshire,4,White British,138253
E06000037,West Berkshire,5,White Other,1404
E06000037,West Berkshire,6,White Other,8727
E06000037,West Berkshire,7,Other,1186
E06000038,Reading,-8,Does not apply,0
E06000038,Reading,1,Asian,30841
E06000038,Reading,2,Black,12532
E06000038,Reading,3,Mixed,8962
E06000038,Reading,4,White British,93167
E06000038,Reading,5,White Other,2040
E06000038,Reading,6,White Other,21680
E06000038,Reading,7,Other,5002
E06000039,Slough,-8,Does not apply,0
E06000039,Slough,1,Asian,74093
E06000039,Slough,2,Black,11992
E06000039,Slough,3,Mixed,6311
E06000039,Slough,4,White British,38101
E06000039,Slough,5,White Other,1143
E06000039,Slough,6,White Other,17890
E06000039,Slough,7,Other,8970
E06000040,Windsor & Maidenhead,-8,Does not apply,0
E06000040,Windsor & Maidenhead,1,Asian,20071
E06000040,Windsor & Maidenhead,2,Black,2359
E06000040,Windsor & Maidenhead,3,Mixed,5238
E06000040,Windsor & Maidenhead,4,White British,105991
E06000040,Windsor & Maidenhead,5,White Other,2176
E06000040,Windsor & Maidenhead,6,White Other,14384
E06000040,Windsor & Maidenhead,7,Other,3278
E06000041,Wokingham,-8,Does not apply,0
E06000041,Wokingham,1,Asian,22868
E06000041,Wokingham,2,Black,4306
E06000041,Wokingham,3,Mixed,5574
E06000041,Wokingham,4,White British,129087
E06000041,Wokingham,5,White Other,1504
E06000041,Wokingham,6,White Other,11260
E06000041,Wokingham,7,Other,2903
E06000042,Milton Keynes,-8,Does not apply,0
E06000042,Milton Keynes,1,Asian,35645
E06000042,Milton Keynes,2,Black,27850
E06000042,Milton Keynes,3,Mixed,11725
E06000042,Milton Keynes,4,White British,178568
E06000042,Milton Keynes,5,White Other,2382
E06000042,Milton Keynes,6,White Other,25166
E06000042,Milton Keynes,7,Other,5723
E06000043,Brighton & Hove,-8,Does not apply,0
E06000043,Brighton & Hove,1,Asian,13217
E06000043,Brighton & Hove,2,Black,5458
E06000043,Brighton & Hove,3,Mixed,13228
E06000043,Brighton & Hove,4,White British,204831
E06000043,Brighton & Hove,5,White Other,3944
E06000043,Brighton & Hove,6,White Other,27796
E06000043,Brighton & Hove,7,Other,8629
E06000044,Portsmouth,-8,Does not apply,0
E06000044,Portsmouth,1,Asian,14371
E06000044,Portsmouth,2,Black,7070
E06000044,Portsmouth,3,Mixed,5488
E06000044,Portsmouth,4,White British,161664
E06000044,Portsmouth,5,White Other,1066
E06000044,Portsmouth,6,White Other,14547
E06000044,Portsmouth,7,Other,3797
E06000045,Southampton,-8,Does not apply,0
E06000045,Southampton,1,Asian,26414
E06000045,Southampton,2,Black,7539
E06000045,Southampton,3,Mixed,8311
E06000045,Southampton,4,White British,169481
E06000045,Southampton,5,White Other,1643
E06000045,Southampton,6,White Other,29705
E06000045,Southampton,7,Other,5829
E06000046,Isle of Wight,-8,Does not apply,0
E06000046,Isle of Wight,1,Asian,1662
E06000046,Isle of Wight,2,Black,478
E06000046,Isle of Wight,3,Mixed,1720
E06000046,Isle of Wight,4,White British,131697
E06000046,Isle of Wight,5,White Other,830
E06000046,Isle of Wight,6,White Other,3693
E06000046,Isle of Wight,7,Other,379
E06000047,County Durham,-8,Does not apply,0
E06000047,County Durham,1,Asian,7834
E06000047,County Durham,2,Black,1741
E06000047,County Durham,3,Mixed,4949
E06000047,County Durham,4,White British,494638
E06000047,County Durham,5,White Other,1384
E06000047,County Durham,6,White Other,9449
E06000047,County Durham,7,Other,2073
E06000049,Cheshire East,-8,Does not apply,0
E06000049,Cheshire East,1,Asian,9531
E06000049,Cheshire East,2,Black,2422
E06000049,Cheshire East,3,Mixed,7059
E06000049,Cheshire East,4,White British,357337
E06000049,Cheshire East,5,White Other,2559
E06000049,Cheshire East,6,White Other,16647
E06000049,Cheshire East,7,Other,3217
E06000050,Cheshire West & Chester,-8,Does not apply,0
E06000050,Cheshire West & Chester,1,Asian,7231
E06000050,Cheshire West & Chester,2,Black,2107
E06000050,Cheshire West & Chester,3,Mixed,5291
E06000050,Cheshire West & Chester,4,White British,325620
E06000050,Cheshire West & Chester,5,White Other,2651
E06000050,Cheshire West & Chester,6,White Other,12091
E06000050,Cheshire West & Chester,7,Other,2159
E06000051,Shropshire,-8,Does not apply,0
E06000051,Shropshire,1,Asian,4324
E06000051,Shropshire,2,Black,1117
E06000051,Shropshire,3,Mixed,3861
E06000051,Shropshire,4,White British,301918
E06000051,Shropshire,5,White Other,1506
E06000051,Shropshire,6,White Other,9452
E06000051,Shropshire,7,Other,1428
E06000052,Cornwall,-8,Does not apply,0
E06000052,Cornwall,1,Asian,4032
E06000052,Cornwall,2,Black,1058
E06000052,Cornwall,3,Mixed,7030
E06000052,Cornwall,4,White British,533882
E06000052,Cornwall,5,White Other,2455
E06000052,Cornwall,6,White Other,15793
E06000052,Cornwall,7,Other,6055
E06000053,Isles of Scilly,-8,Does not apply,0
E06000053,Isles of Scilly,1,Asian,6
E06000053,Isles of Scilly,2,Black,4
E06000053,Isles of Scilly,3,Mixed,23
E06000053,Isles of Scilly,4,White British,1926
E06000053,Isles of Scilly,5,White Other,9
E06000053,Isles of Scilly,6,White Other,69
E06000053,Isles of Scilly,7,Other,18
E06000054,Wiltshire,-8,Does not apply,0
E06000054,Wiltshire,1,Asian,10876
E06000054,Wiltshire,2,Black,5786
E06000054,Wiltshire,3,Mixed,8709
E06000054,Wiltshire,4,White British,459594
E06000054,Wiltshire,5,White Other,2591
E06000054,Wiltshire,6,White Other,19228
E06000054,Wiltshire,7,Other,3549
E06000055,Bedford,-8,Does not apply,0
E06000055,Bedford,1,Asian,23264
E06000055,Bedford,2,Black,9848
E06000055,Bedford,3,Mixed,8585
E06000055,Bedford,4,White British,118779
E06000055,Bedford,5,White Other,1798
E06000055,Bedford,6,White Other,19597
E06000055,Bedford,7,Other,3353
E06000056,Central Bedfordshire,-8,Does not apply,0
E06000056,Central Bedfordshire,1,Asian,10321
E06000056,Central Bedfordshire,2,Black,7018
E06000056,Central Bedfordshire,3,Mixed,8886
E06000056,Central Bedfordshire,4,White British,245769
E06000056,Central Bedfordshire,5,White Other,3527
E06000056,Central Bedfordshire,6,White Other,16249
E06000056,Central Bedfordshire,7,Other,2483
E06000057,Northumberl&,-8,Does not apply,0
E06000057,Northumberl&,1,Asian,3372
E06000057,Northumberl&,2,Black,598
E06000057,Northumberl&,3,Mixed,2559
E06000057,Northumberl&,4,White British,308015
E06000057,Northumberl&,5,White Other,910
E06000057,Northumberl&,6,White Other,4102
E06000057,Northumberl&,7,Other,1010
E06000058,"Bournemouth, Christchurch & Poole",-8,Does not apply,0
E06000058,"Bournemouth, Christchurch & Poole",1,Asian,13552
E06000058,"Bournemouth, Christchurch & Poole",2,Black,4233
E06000058,"Bournemouth, Christchurch & Poole",3,Mixed,11093
E06000058,"Bournemouth, Christchurch & Poole",4,White British,329609
E06000058,"Bournemouth, Christchurch & Poole",5,White Other,2611
E06000058,"Bournemouth, Christchurch & Poole",6,White Other,33290
E06000058,"Bournemouth, Christchurch & Poole",7,Other,5808
E06000059,Dorset,-8,Does not apply,0
E06000059,Dorset,1,Asian,4305
E06000059,Dorset,2,Black,1081
E06000059,Dorset,3,Mixed,4436
E06000059,Dorset,4,White British,356270
E06000059,Dorset,5,White Other,1917
E06000059,Dorset,6,White Other,10228
E06000059,Dorset,7,Other,1342
E06000060,Buckinghamshire,-8,Does not apply,0
E06000060,Buckinghamshire,1,Asian,68318
E06000060,Buckinghamshire,2,Black,14269
E06000060,Buckinghamshire,3,Mixed,19570
E06000060,Buckinghamshire,4,White British,401489
E06000060,Buckinghamshire,5,White Other,6370
E06000060,Buckinghamshire,6,White Other,34305
E06000060,Buckinghamshire,7,Other,8756
E06000061,North Northamptonshire,-8,Does not apply,0
E06000061,North Northamptonshire,1,Asian,12725
E06000061,North Northamptonshire,2,Black,11016
E06000061,North Northamptonshire,3,Mixed,8175
E06000061,North Northamptonshire,4,White British,289274
E06000061,North Northamptonshire,5,White Other,2590
E06000061,North Northamptonshire,6,White Other,32804
E06000061,North Northamptonshire,7,Other,2941
E06000062,West Northamptonshire,-8,Does not apply,0
E06000062,West Northamptonshire,1,Asian,22463
E06000062,West Northamptonshire,2,Black,20663
E06000062,West Northamptonshire,3,Mixed,12116
E06000062,West Northamptonshire,4,White British,319509
E06000062,West Northamptonshire,5,White Other,3872
E06000062,West Northamptonshire,6,White Other,42377
E06000062,West Northamptonshire,7,Other,4725
E08000001,Bolton,-8,Does not apply,0
E08000001,Bolton,1,Asian,59597
E08000001,Bolton,2,Black,11238
E08000001,Bolton,3,Mixed,6643
E08000001,Bolton,4,White British,203486
E08000001,Bolton,5,White Other,1430
E08000001,Bolton,6,White Other,8027
E08000001,Bolton,7,Other,5542
E08000002,Bury,-8,Does not apply,0
E08000002,Bury,1,Asian,20593
E08000002,Bury,2,Black,3690
E08000002,Bury,3,Mixed,5123
E08000002,Bury,4,White British,151528
E08000002,Bury,5,White Other,2192
E08000002,Bury,6,White Other,6996
E08000002,Bury,7,Other,3729
E08000003,Manchester,-8,Does not apply,0
E08000003,Manchester,1,Asian,115110
E08000003,Manchester,2,Black,65893
E08000003,Manchester,3,Mixed,29026
E08000003,Manchester,4,White British,268572
E08000003,Manchester,5,White Other,9442
E08000003,Manchester,6,White Other,35618
E08000003,Manchester,7,Other,28278
E08000004,Oldham,-8,Does not apply,0
E08000004,Oldham,1,Asian,59566
E08000004,Oldham,2,Black,8209
E08000004,Oldham,3,Mixed,6125
E08000004,Oldham,4,White British,157914
E08000004,Oldham,5,White Other,1279
E08000004,Oldham,6,White Other,5704
E08000004,Oldham,7,Other,3291
E08000005,Rochdale,-8,Does not apply,0
E08000005,Rochdale,1,Asian,41406
E08000005,Rochdale,2,Black,7926
E08000005,Rochdale,3,Mixed,5284
E08000005,Rochdale,4,White British,156669
E08000005,Rochdale,5,White Other,1735
E08000005,Rochdale,6,White Other,7082
E08000005,Rochdale,7,Other,3669
E08000006,Salford,-8,Does not apply,0
E08000006,Salford,1,Asian,14938
E08000006,Salford,2,Black,16473
E08000006,Salford,3,Mixed,8501
E08000006,Salford,4,White British,199614
E08000006,Salford,5,White Other,2882
E08000006,Salford,6,White Other,19753
E08000006,Salford,7,Other,7762
E08000007,Stockport,-8,Does not apply,0
E08000007,Stockport,1,Asian,21467
E08000007,Stockport,2,Black,3416
E08000007,Stockport,3,Mixed,7668
E08000007,Stockport,4,White British,245831
E08000007,Stockport,5,White Other,4174
E08000007,Stockport,6,White Other,7525
E08000007,Stockport,7,Other,4692
E08000008,Tameside,-8,Does not apply,0
E08000008,Tameside,1,Asian,21198
E08000008,Tameside,2,Black,5275
E08000008,Tameside,3,Mixed,4961
E08000008,Tameside,4,White British,190305
E08000008,Tameside,5,White Other,1536
E08000008,Tameside,6,White Other,5838
E08000008,Tameside,7,Other,1958
E08000009,Trafford,-8,Does not apply,0
E08000009,Trafford,1,Asian,29585
E08000009,Trafford,2,Black,8086
E08000009,Trafford,3,Mixed,8834
E08000009,Trafford,4,White British,169550
E08000009,Trafford,5,White Other,4884
E08000009,Trafford,6,White Other,8327
E08000009,Trafford,7,Other,5784
E08000010,Wigan,-8,Does not apply,0
E08000010,Wigan,1,Asian,5826
E08000010,Wigan,2,Black,3907
E08000010,Wigan,3,Mixed,4353
E08000010,Wigan,4,White British,302482
E08000010,Wigan,5,White Other,1353
E08000010,Wigan,6,White Other,9117
E08000010,Wigan,7,Other,2292
E08000011,Knowsley,-8,Does not apply,0
E08000011,Knowsley,1,Asian,2508
E08000011,Knowsley,2,Black,1264
E08000011,Knowsley,3,Mixed,2658
E08000011,Knowsley,4,White British,142698
E08000011,Knowsley,5,White Other,855
E08000011,Knowsley,6,White Other,3682
E08000011,Knowsley,7,Other,853
E08000012,Liverpool,-8,Does not apply,0
E08000012,Liverpool,1,Asian,27768
E08000012,Liverpool,2,Black,16965
E08000012,Liverpool,3,Mixed,16879
E08000012,Liverpool,4,White British,375785
E08000012,Liverpool,5,White Other,6826
E08000012,Liverpool,6,White Other,25831
E08000012,Liverpool,7,Other,16034
E08000013,St. Helens,-8,Does not apply,0
E08000013,St. Helens,1,Asian,2579
E08000013,St. Helens,2,Black,774
E08000013,St. Helens,3,Mixed,1971
E08000013,St. Helens,4,White British,171546
E08000013,St. Helens,5,White Other,945
E08000013,St. Helens,6,White Other,4397
E08000013,St. Helens,7,Other,1034
E08000014,Sefton,-8,Does not apply,0
E08000014,Sefton,1,Asian,4294
E08000014,Sefton,2,Black,1509
E08000014,Sefton,3,Mixed,4056
E08000014,Sefton,4,White British,256327
E08000014,Sefton,5,White Other,2241
E08000014,Sefton,6,White Other,8972
E08000014,Sefton,7,Other,1834
E08000015,Wirral,-8,Does not apply,0
E08000015,Wirral,1,Asian,7302
E08000015,Wirral,2,Black,1389
E08000015,Wirral,3,Mixed,4930
E08000015,Wirral,4,White British,295967
E08000015,Wirral,5,White Other,2641
E08000015,Wirral,6,White Other,6084
E08000015,Wirral,7,Other,1886
E08000016,Barnsley,-8,Does not apply,0
E08000016,Barnsley,1,Asian,2297
E08000016,Barnsley,2,Black,1715
E08000016,Barnsley,3,Mixed,2293
E08000016,Barnsley,4,White British,226488
E08000016,Barnsley,5,White Other,526
E08000016,Barnsley,6,White Other,9920
E08000016,Barnsley,7,Other,1333
E08000017,Doncaster,-8,Does not apply,0
E08000017,Doncaster,1,Asian,9086
E08000017,Doncaster,2,Black,3742
E08000017,Doncaster,3,Mixed,4605
E08000017,Doncaster,4,White British,266879
E08000017,Doncaster,5,White Other,999
E08000017,Doncaster,6,White Other,19077
E08000017,Doncaster,7,Other,3718
E08000018,Rotherham,-8,Does not apply,0
E08000018,Rotherham,1,Asian,14176
E08000018,Rotherham,2,Black,3016
E08000018,Rotherham,3,Mixed,3855
E08000018,Rotherham,4,White British,234613
E08000018,Rotherham,5,White Other,655
E08000018,Rotherham,6,White Other,6686
E08000018,Rotherham,7,Other,2806
E08000019,Sheffield,-8,Does not apply,0
E08000019,Sheffield,1,Asian,53560
E08000019,Sheffield,2,Black,25512
E08000019,Sheffield,3,Mixed,19704
E08000019,Sheffield,4,White British,414698
E08000019,Sheffield,5,White Other,2750
E08000019,Sheffield,6,White Other,22766
E08000019,Sheffield,7,Other,17531
E08000021,Newcastle upon Tyne,-8,Does not apply,0
E08000021,Newcastle upon Tyne,1,Asian,34128
E08000021,Newcastle upon Tyne,2,Black,9921
E08000021,Newcastle upon Tyne,3,Mixed,6920
E08000021,Newcastle upon Tyne,4,White British,223567
E08000021,Newcastle upon Tyne,5,White Other,1895
E08000021,Newcastle upon Tyne,6,White Other,14538
E08000021,Newcastle upon Tyne,7,Other,9156
E08000022,North Tyneside,-8,Does not apply,0
E08000022,North Tyneside,1,Asian,5397
E08000022,North Tyneside,2,Black,1279
E08000022,North Tyneside,3,Mixed,2879
E08000022,North Tyneside,4,White British,193303
E08000022,North Tyneside,5,White Other,797
E08000022,North Tyneside,6,White Other,4108
E08000022,North Tyneside,7,Other,1204
E08000023,South Tyneside,-8,Does not apply,0
E08000023,South Tyneside,1,Asian,4317
E08000023,South Tyneside,2,Black,786
E08000023,South Tyneside,3,Mixed,1996
E08000023,South Tyneside,4,White British,137429
E08000023,South Tyneside,5,White Other,353
E08000023,South Tyneside,6,White Other,1701
E08000023,South Tyneside,7,Other,1196
E08000024,Sunderl&,-8,Does not apply,0
E08000024,Sunderl&,1,Asian,8204
E08000024,Sunderl&,2,Black,2664
E08000024,Sunderl&,3,Mixed,2505
E08000024,Sunderl&,4,White British,254655
E08000024,Sunderl&,5,White Other,511
E08000024,Sunderl&,6,White Other,4209
E08000024,Sunderl&,7,Other,1426
E08000025,Birmingham,-8,Does not apply,0
E08000025,Birmingham,1,Asian,355383
E08000025,Birmingham,2,Black,125757
E08000025,Birmingham,3,Mixed,55205
E08000025,Birmingham,4,White British,491211
E08000025,Birmingham,5,White Other,16964
E08000025,Birmingham,6,White Other,48434
E08000025,Birmingham,7,Other,51965
E08000026,Coventry,-8,Does not apply,0
E08000026,Coventry,1,Asian,63917
E08000026,Coventry,2,Black,30723
E08000026,Coventry,3,Mixed,11731
E08000026,Coventry,4,White British,190889
E08000026,Coventry,5,White Other,5662
E08000026,Coventry,6,White Other,29696
E08000026,Coventry,7,Other,12706
E08000027,Dudley,-8,Does not apply,0
E08000027,Dudley,1,Asian,27047
E08000027,Dudley,2,Black,8170
E08000027,Dudley,3,Mixed,9191
E08000027,Dudley,4,White British,266564
E08000027,Dudley,5,White Other,1114
E08000027,Dudley,6,White Other,6918
E08000027,Dudley,7,Other,4484
E08000028,S&well,-8,Does not apply,0
E08000028,S&well,1,Asian,88024
E08000028,S&well,2,Black,29779
E08000028,S&well,3,Mixed,14680
E08000028,S&well,4,White British,177929
E08000028,S&well,5,White Other,1591
E08000028,S&well,6,White Other,16104
E08000028,S&well,7,Other,13725
E08000029,Solihull,-8,Does not apply,0
E08000029,Solihull,1,Asian,23845
E08000029,Solihull,2,Black,3955
E08000029,Solihull,3,Mixed,7496
E08000029,Solihull,4,White British,168398
E08000029,Solihull,5,White Other,3919
E08000029,Solihull,6,White Other,5351
E08000029,Solihull,7,Other,3276
E08000030,Walsall,-8,Does not apply,0
E08000030,Walsall,1,Asian,53199
E08000030,Walsall,2,Black,13024
E08000030,Walsall,3,Mixed,9317
E08000030,Walsall,4,White British,191529
E08000030,Walsall,5,White Other,1070
E08000030,Walsall,6,White Other,10123
E08000030,Walsall,7,Other,5862
E08000031,Wolverhampton,-8,Does not apply,0
E08000031,Wolverhampton,1,Asian,55901
E08000031,Wolverhampton,2,Black,24636
E08000031,Wolverhampton,3,Mixed,14065
E08000031,Wolverhampton,4,White British,144303
E08000031,Wolverhampton,5,White Other,1170
E08000031,Wolverhampton,6,White Other,14235
E08000031,Wolverhampton,7,Other,9417
E08000032,Bradford,-8,Does not apply,0
E08000032,Bradford,1,Asian,175664
E08000032,Bradford,2,Black,10980
E08000032,Bradford,3,Mixed,15006
E08000032,Bradford,4,White British,309912
E08000032,Bradford,5,White Other,2139
E08000032,Bradford,6,White Other,21953
E08000032,Bradford,7,Other,10760
E08000033,Calderdale,-8,Does not apply,0
E08000033,Calderdale,1,Asian,21726
E08000033,Calderdale,2,Black,1439
E08000033,Calderdale,3,Mixed,4028
E08000033,Calderdale,4,White British,170983
E08000033,Calderdale,5,White Other,1564
E08000033,Calderdale,6,White Other,5290
E08000033,Calderdale,7,Other,1601
E08000034,Kirklees,-8,Does not apply,0
E08000034,Kirklees,1,Asian,84202
E08000034,Kirklees,2,Black,9948
E08000034,Kirklees,3,Mixed,13588
E08000034,Kirklees,4,White British,305579
E08000034,Kirklees,5,White Other,2335
E08000034,Kirklees,6,White Other,11055
E08000034,Kirklees,7,Other,6506
E08000035,Leeds,-8,Does not apply,0
E08000035,Leeds,1,Asian,78503
E08000035,Leeds,2,Black,45376
E08000035,Leeds,3,Mixed,27388
E08000035,Leeds,4,White British,595737
E08000035,Leeds,5,White Other,6892
E08000035,Leeds,6,White Other,39172
E08000035,Leeds,7,Other,18885
E08000036,Wakefield,-8,Does not apply,0
E08000036,Wakefield,1,Asian,12633
E08000036,Wakefield,2,Black,4516
E08000036,Wakefield,3,Mixed,4938
E08000036,Wakefield,4,White British,311634
E08000036,Wakefield,5,White Other,963
E08000036,Wakefield,6,White Other,16145
E08000036,Wakefield,7,Other,2541
E08000037,Gateshead,-8,Does not apply,0
E08000037,Gateshead,1,Asian,4925
E08000037,Gateshead,2,Black,2216
E08000037,Gateshead,3,Mixed,2393
E08000037,Gateshead,4,White British,177131
E08000037,Gateshead,5,White Other,710
E08000037,Gateshead,6,White Other,5648
E08000037,Gateshead,7,Other,3128
E09000001,City of London,-8,Does not apply,0
E09000001,City of London,1,Asian,1445
E09000001,City of London,2,Black,233
E09000001,City of London,3,Mixed,469
E09000001,City of London,4,White British,3649
E09000001,City of London,5,White Other,185
E09000001,City of London,6,White Other,2121
E09000001,City of London,7,Other,483
E09000002,Barking & Dagenham,-8,Does not apply,0
E09000002,Barking & Dagenham,1,Asian,56580
E09000002,Barking & Dagenham,2,Black,46807
E09000002,Barking & Dagenham,3,Mixed,9321
E09000002,Barking & Dagenham,4,White British,67550
E09000002,Barking & Dagenham,5,White Other,1185
E09000002,Barking & Dagenham,6,White Other,29540
E09000002,Barking & Dagenham,7,Other,7883
E09000003,Barnet,-8,Does not apply,0
E09000003,Barnet,1,Asian,74970
E09000003,Barnet,2,Black,30653
E09000003,Barnet,3,Mixed,20889
E09000003,Barnet,4,White British,140777
E09000003,Barnet,5,White Other,7644
E09000003,Barnet,6,White Other,76341
E09000003,Barnet,7,Other,38070
E09000004,Bexley,-8,Does not apply,0
E09000004,Bexley,1,Asian,24434
E09000004,Bexley,2,Black,30075
E09000004,Bexley,3,Mixed,8738
E09000004,Bexley,4,White British,158842
E09000004,Bexley,5,White Other,2528
E09000004,Bexley,6,White Other,15793
E09000004,Bexley,7,Other,6062
E09000005,Brent,-8,Does not apply,0
E09000005,Brent,1,Asian,111512
E09000005,Brent,2,Black,59495
E09000005,Brent,3,Mixed,17249
E09000005,Brent,4,White British,51611
E09000005,Brent,5,White Other,9314
E09000005,Brent,6,White Other,56776
E09000005,Brent,7,Other,33860
E09000006,Bromley,-8,Does not apply,0
E09000006,Bromley,1,Asian,27307
E09000006,Bromley,2,Black,25149
E09000006,Bromley,3,Mixed,17740
E09000006,Bromley,4,White British,219493
E09000006,Bromley,5,White Other,4954
E09000006,Bromley,6,White Other,27848
E09000006,Bromley,7,Other,7500
E09000007,Camden,-8,Does not apply,0
E09000007,Camden,1,Asian,38042
E09000007,Camden,2,Black,18893
E09000007,Camden,3,Mixed,13938
E09000007,Camden,4,White British,74348
E09000007,Camden,5,White Other,5325
E09000007,Camden,6,White Other,45391
E09000007,Camden,7,Other,14200
E09000008,Croydon,-8,Does not apply,0
E09000008,Croydon,1,Asian,68487
E09000008,Croydon,2,Black,88438
E09000008,Croydon,3,Mixed,29743
E09000008,Croydon,4,White British,146268
E09000008,Croydon,5,White Other,4935
E09000008,Croydon,6,White Other,37782
E09000008,Croydon,7,Other,15066
E09000009,Ealing,-8,Does not apply,0
E09000009,Ealing,1,Asian,111240
E09000009,Ealing,2,Black,39491
E09000009,Ealing,3,Mixed,19161
E09000009,Ealing,4,White British,89265
E09000009,Ealing,5,White Other,8511
E09000009,Ealing,6,White Other,60687
E09000009,Ealing,7,Other,38760
E09000010,Enfield,-8,Does not apply,0
E09000010,Enfield,1,Asian,37973
E09000010,Enfield,2,Black,60511
E09000010,Enfield,3,Mixed,19557
E09000010,Enfield,4,White British,103140
E09000010,Enfield,5,White Other,5969
E09000010,Enfield,6,White Other,62774
E09000010,Enfield,7,Other,40058
E09000011,Greenwich,-8,Does not apply,0
E09000011,Greenwich,1,Asian,38029
E09000011,Greenwich,2,Black,60602
E09000011,Greenwich,3,Mixed,17297
E09000011,Greenwich,4,White British,119665
E09000011,Greenwich,5,White Other,4230
E09000011,Greenwich,6,White Other,37113
E09000011,Greenwich,7,Other,12132
E09000012,Hackney,-8,Does not apply,0
E09000012,Hackney,1,Asian,26885
E09000012,Hackney,2,Black,54645
E09000012,Hackney,3,Mixed,17487
E09000012,Hackney,4,White British,87927
E09000012,Hackney,5,White Other,5582
E09000012,Hackney,6,White Other,44200
E09000012,Hackney,7,Other,22422
E09000013,Hammersmith & Fulham,-8,Does not apply,0
E09000013,Hammersmith & Fulham,1,Asian,19306
E09000013,Hammersmith & Fulham,2,Black,22453
E09000013,Hammersmith & Fulham,3,Mixed,12319
E09000013,Hammersmith & Fulham,4,White British,70105
E09000013,Hammersmith & Fulham,5,White Other,4812
E09000013,Hammersmith & Fulham,6,White Other,40762
E09000013,Hammersmith & Fulham,7,Other,13403
E09000014,Haringey,-8,Does not apply,0
E09000014,Haringey,1,Asian,23080
E09000014,Haringey,2,Black,46466
E09000014,Haringey,3,Mixed,18556
E09000014,Haringey,4,White British,84298
E09000014,Haringey,5,White Other,5701
E09000014,Haringey,6,White Other,60582
E09000014,Haringey,7,Other,25555
E09000015,Harrow,-8,Does not apply,0
E09000015,Harrow,1,Asian,118150
E09000015,Harrow,2,Black,19151
E09000015,Harrow,3,Mixed,9833
E09000015,Harrow,4,White British,53567
E09000015,Harrow,5,White Other,5608
E09000015,Harrow,6,White Other,36058
E09000015,Harrow,7,Other,18836
E09000016,Havering,-8,Does not apply,0
E09000016,Havering,1,Asian,28150
E09000016,Havering,2,Black,21567
E09000016,Havering,3,Mixed,9747
E09000016,Havering,4,White British,174232
E09000016,Havering,5,White Other,2894
E09000016,Havering,6,White Other,20188
E09000016,Havering,7,Other,5274
E09000017,Hillingdon,-8,Does not apply,0
E09000017,Hillingdon,1,Asian,101938
E09000017,Hillingdon,2,Black,23957
E09000017,Hillingdon,3,Mixed,13359
E09000017,Hillingdon,4,White British,113377
E09000017,Hillingdon,5,White Other,5585
E09000017,Hillingdon,6,White Other,28425
E09000017,Hillingdon,7,Other,19268
E09000018,Hounslow,-8,Does not apply,0
E09000018,Hounslow,1,Asian,105846
E09000018,Hounslow,2,Black,20810
E09000018,Hounslow,3,Mixed,13514
E09000018,Hounslow,4,White British,81933
E09000018,Hounslow,5,White Other,3894
E09000018,Hounslow,6,White Other,41256
E09000018,Hounslow,7,Other,20928
E09000019,Islington,-8,Does not apply,0
E09000019,Islington,1,Asian,21532
E09000019,Islington,2,Black,28743
E09000019,Islington,3,Mixed,16231
E09000019,Islington,4,White British,86092
E09000019,Islington,5,White Other,7062
E09000019,Islington,6,White Other,41599
E09000019,Islington,7,Other,15330
E09000020,Kensington & Chelsea,-8,Does not apply,0
E09000020,Kensington & Chelsea,1,Asian,17025
E09000020,Kensington & Chelsea,2,Black,11279
E09000020,Kensington & Chelsea,3,Mixed,9525
E09000020,Kensington & Chelsea,4,White British,46883
E09000020,Kensington & Chelsea,5,White Other,2825
E09000020,Kensington & Chelsea,6,White Other,41686
E09000020,Kensington & Chelsea,7,Other,14150
E09000021,Kingston upon Thames,-8,Does not apply,0
E09000021,Kingston upon Thames,1,Asian,29937
E09000021,Kingston upon Thames,2,Black,4740
E09000021,Kingston upon Thames,3,Mixed,8996
E09000021,Kingston upon Thames,4,White British,90288
E09000021,Kingston upon Thames,5,White Other,2633
E09000021,Kingston upon Thames,6,White Other,21910
E09000021,Kingston upon Thames,7,Other,9559
E09000022,Lambeth,-8,Does not apply,0
E09000022,Lambeth,1,Asian,23051
E09000022,Lambeth,2,Black,76145
E09000022,Lambeth,3,Mixed,25632
E09000022,Lambeth,4,White British,119395
E09000022,Lambeth,5,White Other,6828
E09000022,Lambeth,6,White Other,48555
E09000022,Lambeth,7,Other,18046
E09000023,Lewisham,-8,Does not apply,0
E09000023,Lewisham,1,Asian,26927
E09000023,Lewisham,2,Black,80473
E09000023,Lewisham,3,Mixed,24253
E09000023,Lewisham,4,White British,111726
E09000023,Lewisham,5,White Other,5055
E09000023,Lewisham,6,White Other,37968
E09000023,Lewisham,7,Other,14151
E09000024,Merton,-8,Does not apply,0
E09000024,Merton,1,Asian,40019
E09000024,Merton,2,Black,22887
E09000024,Merton,3,Mixed,12765
E09000024,Merton,4,White British,88673
E09000024,Merton,5,White Other,4337
E09000024,Merton,6,White Other,36607
E09000024,Merton,7,Other,9899
E09000025,Newham,-8,Does not apply,0
E09000025,Newham,1,Asian,148189
E09000025,Newham,2,Black,61305
E09000025,Newham,3,Mixed,16420
E09000025,Newham,4,White British,51819
E09000025,Newham,5,White Other,2039
E09000025,Newham,6,White Other,54089
E09000025,Newham,7,Other,17175
E09000026,Redbridge,-8,Does not apply,0
E09000026,Redbridge,1,Asian,146834
E09000026,Redbridge,2,Black,26094
E09000026,Redbridge,3,Mixed,12736
E09000026,Redbridge,4,White British,71844
E09000026,Redbridge,5,White Other,3092
E09000026,Redbridge,6,White Other,33038
E09000026,Redbridge,7,Other,16622
E09000027,Richmond Upon Thames,-8,Does not apply,0
E09000027,Richmond Upon Thames,1,Asian,17467
E09000027,Richmond Upon Thames,2,Black,3690
E09000027,Richmond Upon Thames,3,Mixed,10662
E09000027,Richmond Upon Thames,4,White British,123093
E09000027,Richmond Upon Thames,5,White Other,4866
E09000027,Richmond Upon Thames,6,White Other,29150
E09000027,Richmond Upon Thames,7,Other,6350
E09000028,Southwark,-8,Does not apply,0
E09000028,Southwark,1,Asian,30539
E09000028,Southwark,2,Black,77300
E09000028,Southwark,3,Mixed,22150
E09000028,Southwark,4,White British,109253
E09000028,Southwark,5,White Other,6024
E09000028,Southwark,6,White Other,42943
E09000028,Southwark,7,Other,19430
E09000029,Sutton,-8,Does not apply,0
E09000029,Sutton,1,Asian,36790
E09000029,Sutton,2,Black,12465
E09000029,Sutton,3,Mixed,10162
E09000029,Sutton,4,White British,120014
E09000029,Sutton,5,White Other,3118
E09000029,Sutton,6,White Other,20013
E09000029,Sutton,7,Other,7077
E09000030,Tower Hamlets,-8,Does not apply,0
E09000030,Tower Hamlets,1,Asian,137854
E09000030,Tower Hamlets,2,Black,22693
E09000030,Tower Hamlets,3,Mixed,15407
E09000030,Tower Hamlets,4,White British,71177
E09000030,Tower Hamlets,5,White Other,3567
E09000030,Tower Hamlets,6,White Other,47524
E09000030,Tower Hamlets,7,Other,12082
E09000031,Waltham Forest,-8,Does not apply,0
E09000031,Waltham Forest,1,Asian,55545
E09000031,Waltham Forest,2,Black,41647
E09000031,Waltham Forest,3,Mixed,17983
E09000031,Waltham Forest,4,White British,94766
E09000031,Waltham Forest,5,White Other,4230
E09000031,Waltham Forest,6,White Other,48029
E09000031,Waltham Forest,7,Other,16226
E09000032,W&sworth,-8,Does not apply,0
E09000032,W&sworth,1,Asian,38317
E09000032,W&sworth,2,Black,33062
E09000032,W&sworth,3,Mixed,20598
E09000032,W&sworth,4,White British,157048
E09000032,W&sworth,5,White Other,8061
E09000032,W&sworth,6,White Other,56981
E09000032,W&sworth,7,Other,13442
E09000033,Westminster,-8,Does not apply,0
E09000033,Westminster,1,Asian,34242
E09000033,Westminster,2,Black,16455
E09000033,Westminster,3,Mixed,13336
E09000033,Westminster,4,White British,57162
E09000033,Westminster,5,White Other,3742
E09000033,Westminster,6,White Other,51828
E09000033,Westminster,7,Other,27471
E10000003,Cambridgeshire,-8,Does not apply,0
E10000003,Cambridgeshire,1,Asian,39689
E10000003,Cambridgeshire,2,Black,9745
E10000003,Cambridgeshire,3,Mixed,19354
E10000003,Cambridgeshire,4,White British,524194
E10000003,Cambridgeshire,5,White Other,5685
E10000003,Cambridgeshire,6,White Other,71287
E10000003,Cambridgeshire,7,Other,8895
E10000006,Cumbria,-8,Does not apply,0
E10000006,Cumbria,1,Asian,4909
E10000006,Cumbria,2,Black,1194
E10000006,Cumbria,3,Mixed,4003
E10000006,Cumbria,4,White British,474172
E10000006,Cumbria,5,White Other,1669
E10000006,Cumbria,6,White Other,12184
E10000006,Cumbria,7,Other,1715
E10000007,Derbyshire,-8,Does not apply,0
E10000007,Derbyshire,1,Asian,11672
E10000007,Derbyshire,2,Black,4085
E10000007,Derbyshire,3,Mixed,10851
E10000007,Derbyshire,4,White British,744378
E10000007,Derbyshire,5,White Other,3336
E10000007,Derbyshire,6,White Other,17582
E10000007,Derbyshire,7,Other,2732
E10000008,Devon,-8,Does not apply,0
E10000008,Devon,1,Asian,11845
E10000008,Devon,2,Black,2474
E10000008,Devon,3,Mixed,10967
E10000008,Devon,4,White British,751816
E10000008,Devon,5,White Other,3889
E10000008,Devon,6,White Other,26750
E10000008,Devon,7,Other,3901
E10000011,East Sussex,-8,Does not apply,0
E10000011,East Sussex,1,Asian,11618
E10000011,East Sussex,2,Black,4496
E10000011,East Sussex,3,Mixed,12313
E10000011,East Sussex,4,White British,482043
E10000011,East Sussex,5,White Other,4425
E10000011,East Sussex,6,White Other,25969
E10000011,East Sussex,7,Other,4982
E10000012,Essex,-8,Does not apply,0
E10000012,Essex,1,Asian,56253
E10000012,Essex,2,Black,37393
E10000012,Essex,3,Mixed,36774
E10000012,Essex,4,White British,1279711
E10000012,Essex,5,White Other,11861
E10000012,Essex,6,White Other,66980
E10000012,Essex,7,Other,14549
E10000013,Gloucestershire,-8,Does not apply,0
E10000013,Gloucestershire,1,Asian,18464
E10000013,Gloucestershire,2,Black,7777
E10000013,Gloucestershire,3,Mixed,14149
E10000013,Gloucestershire,4,White British,565811
E10000013,Gloucestershire,5,White Other,4034
E10000013,Gloucestershire,6,White Other,30469
E10000013,Gloucestershire,7,Other,4375
E10000014,Hampshire,-8,Does not apply,0
E10000014,Hampshire,1,Asian,52542
E10000014,Hampshire,2,Black,14305
E10000014,Hampshire,3,Mixed,26198
E10000014,Hampshire,4,White British,1231690
E10000014,Hampshire,5,White Other,7760
E10000014,Hampshire,6,White Other,57283
E10000014,Hampshire,7,Other,11121
E10000015,Hertfordshire,-8,Does not apply,0
E10000015,Hertfordshire,1,Asian,103668
E10000015,Hertfordshire,2,Black,44894
E10000015,Hertfordshire,3,Mixed,45129
E10000015,Hertfordshire,4,White British,861006
E10000015,Hertfordshire,5,White Other,18747
E10000015,Hertfordshire,6,White Other,100308
E10000015,Hertfordshire,7,Other,25049
E10000016,Kent,-8,Does not apply,0
E10000016,Kent,1,Asian,69939
E10000016,Kent,2,Black,41036
E10000016,Kent,3,Mixed,36766
E10000016,Kent,4,White British,1311093
E10000016,Kent,5,White Other,10850
E10000016,Kent,6,White Other,87063
E10000016,Kent,7,Other,19322
E10000017,Lancashire,-8,Does not apply,0
E10000017,Lancashire,1,Asian,100034
E10000017,Lancashire,2,Black,7979
E10000017,Lancashire,3,Mixed,19947
E10000017,Lancashire,4,White British,1052299
E10000017,Lancashire,5,White Other,6677
E10000017,Lancashire,6,White Other,39619
E10000017,Lancashire,7,Other,8799
E10000018,Leicestershire,-8,Does not apply,0
E10000018,Leicestershire,1,Asian,58066
E10000018,Leicestershire,2,Black,7913
E10000018,Leicestershire,3,Mixed,15544
E10000018,Leicestershire,4,White British,595796
E10000018,Leicestershire,5,White Other,3790
E10000018,Leicestershire,6,White Other,23843
E10000018,Leicestershire,7,Other,7413
E10000019,Lincolnshire,-8,Does not apply,0
E10000019,Lincolnshire,1,Asian,11927
E10000019,Lincolnshire,2,Black,4365
E10000019,Lincolnshire,3,Mixed,10189
E10000019,Lincolnshire,4,White British,685720
E10000019,Lincolnshire,5,White Other,3127
E10000019,Lincolnshire,6,White Other,48685
E10000019,Lincolnshire,7,Other,4351
E10000020,Norfolk,-8,Does not apply,0
E10000020,Norfolk,1,Asian,18992
E10000020,Norfolk,2,Black,8369
E10000020,Norfolk,3,Mixed,15080
E10000020,Norfolk,4,White British,814728
E10000020,Norfolk,5,White Other,4049
E10000020,Norfolk,6,White Other,48374
E10000020,Norfolk,7,Other,6528
E10000023,North Yorkshire,-8,Does not apply,0
E10000023,North Yorkshire,1,Asian,8317
E10000023,North Yorkshire,2,Black,2456
E10000023,North Yorkshire,3,Mixed,6722
E10000023,North Yorkshire,4,White British,574065
E10000023,North Yorkshire,5,White Other,2681
E10000023,North Yorkshire,6,White Other,18409
E10000023,North Yorkshire,7,Other,2843
E10000024,Nottinghamshire,-8,Does not apply,0
E10000024,Nottinghamshire,1,Asian,24523
E10000024,Nottinghamshire,2,Black,9932
E10000024,Nottinghamshire,3,Mixed,17105
E10000024,Nottinghamshire,4,White British,729289
E10000024,Nottinghamshire,5,White Other,4019
E10000024,Nottinghamshire,6,White Other,33916
E10000024,Nottinghamshire,7,Other,6038
E10000025,Oxfordshire,-8,Does not apply,0
E10000025,Oxfordshire,1,Asian,46386
E10000025,Oxfordshire,2,Black,14883
E10000025,Oxfordshire,3,Mixed,22611
E10000025,Oxfordshire,4,White British,557149
E10000025,Oxfordshire,5,White Other,6906
E10000025,Oxfordshire,6,White Other,65999
E10000025,Oxfordshire,7,Other,11357
E10000027,Somerset,-8,Does not apply,0
E10000027,Somerset,1,Asian,8658
E10000027,Somerset,2,Black,2436
E10000027,Somerset,3,Mixed,7137
E10000027,Somerset,4,White British,521829
E10000027,Somerset,5,White Other,2631
E10000027,Somerset,6,White Other,26387
E10000027,Somerset,7,Other,2469
E10000028,Staffordshire,-8,Does not apply,0
E10000028,Staffordshire,1,Asian,28910
E10000028,Staffordshire,2,Black,6889
E10000028,Staffordshire,3,Mixed,15288
E10000028,Staffordshire,4,White British,789993
E10000028,Staffordshire,5,White Other,3749
E10000028,Staffordshire,6,White Other,26491
E10000028,Staffordshire,7,Other,4784
E10000029,Suffolk,-8,Does not apply,0
E10000029,Suffolk,1,Asian,17483
E10000029,Suffolk,2,Black,10168
E10000029,Suffolk,3,Mixed,17807
E10000029,Suffolk,4,White British,664205
E10000029,Suffolk,5,White Other,3990
E10000029,Suffolk,6,White Other,40077
E10000029,Suffolk,7,Other,6958
E10000030,Surrey,-8,Does not apply,0
E10000030,Surrey,1,Asian,92911
E10000030,Surrey,2,Black,20834
E10000030,Surrey,3,Mixed,40486
E10000030,Surrey,4,White British,921285
E10000030,Surrey,5,White Other,14111
E10000030,Surrey,6,White Other,93240
E10000030,Surrey,7,Other,20241
E10000031,Warwickshire,-8,Does not apply,0
E10000031,Warwickshire,1,Asian,37321
E10000031,Warwickshire,2,Black,8019
E10000031,Warwickshire,3,Mixed,13533
E10000031,Warwickshire,4,White British,490070
E10000031,Warwickshire,5,White Other,5540
E10000031,Warwickshire,6,White Other,36064
E10000031,Warwickshire,7,Other,6229
E10000032,West Sussex,-8,Does not apply,0
E10000032,West Sussex,1,Asian,38292
E10000032,West Sussex,2,Black,11429
E10000032,West Sussex,3,Mixed,20811
E10000032,West Sussex,4,White British,743568
E10000032,West Sussex,5,White Other,6761
E10000032,West Sussex,6,White Other,53188
E10000032,West Sussex,7,Other,8626
E10000034,Worcestershire,-8,Does not apply,0
E10000034,Worcestershire,1,Asian,18511
E10000034,Worcestershire,2,Black,4151
E10000034,Worcestershire,3,Mixed,11173
E10000034,Worcestershire,4,White British,535492
E10000034,Worcestershire,5,White Other,3579
E10000034,Worcestershire,6,White Other,27413
E10000034,Worcestershire,7,Other,3357
W06000001,Isle of Anglesey,-8,Does not apply,0
W06000001,Isle of Anglesey,1,Asian,430
W06000001,Isle of Anglesey,2,Black,104
W06000001,Isle of Anglesey,3,Mixed,597
W06000001,Isle of Anglesey,4,White British,66339
W06000001,Isle of Anglesey,5,White Other,381
W06000001,Isle of Anglesey,6,White Other,867
W06000001,Isle of Anglesey,7,Other,160
W06000002,Gwynedd,-8,Does not apply,0
W06000002,Gwynedd,1,Asian,1968
W06000002,Gwynedd,2,Black,513
W06000002,Gwynedd,3,Mixed,1333
W06000002,Gwynedd,4,White British,109548
W06000002,Gwynedd,5,White Other,554
W06000002,Gwynedd,6,White Other,2886
W06000002,Gwynedd,7,Other,591
W06000003,Conwy,-8,Does not apply,0
W06000003,Conwy,1,Asian,1648
W06000003,Conwy,2,Black,271
W06000003,Conwy,3,Mixed,1255
W06000003,Conwy,4,White British,107926
W06000003,Conwy,5,White Other,843
W06000003,Conwy,6,White Other,2407
W06000003,Conwy,7,Other,391
W06000004,Denbighshire,-8,Does not apply,0
W06000004,Denbighshire,1,Asian,1650
W06000004,Denbighshire,2,Black,268
W06000004,Denbighshire,3,Mixed,1053
W06000004,Denbighshire,4,White British,90470
W06000004,Denbighshire,5,White Other,484
W06000004,Denbighshire,6,White Other,1532
W06000004,Denbighshire,7,Other,362
W06000005,Flintshire,-8,Does not apply,0
W06000005,Flintshire,1,Asian,1455
W06000005,Flintshire,2,Black,292
W06000005,Flintshire,3,Mixed,1446
W06000005,Flintshire,4,White British,144356
W06000005,Flintshire,5,White Other,630
W06000005,Flintshire,6,White Other,6248
W06000005,Flintshire,7,Other,535
W06000006,Wrexham,-8,Does not apply,0
W06000006,Wrexham,1,Asian,2246
W06000006,Wrexham,2,Black,877
W06000006,Wrexham,3,Mixed,1554
W06000006,Wrexham,4,White British,122547
W06000006,Wrexham,5,White Other,427
W06000006,Wrexham,6,White Other,6703
W06000006,Wrexham,7,Other,763
W06000008,Ceredigion,-8,Does not apply,0
W06000008,Ceredigion,1,Asian,1096
W06000008,Ceredigion,2,Black,366
W06000008,Ceredigion,3,Mixed,868
W06000008,Ceredigion,4,White British,65674
W06000008,Ceredigion,5,White Other,430
W06000008,Ceredigion,6,White Other,2673
W06000008,Ceredigion,7,Other,368
W06000009,Pembrokeshire,-8,Does not apply,0
W06000009,Pembrokeshire,1,Asian,1159
W06000009,Pembrokeshire,2,Black,246
W06000009,Pembrokeshire,3,Mixed,1162
W06000009,Pembrokeshire,4,White British,116816
W06000009,Pembrokeshire,5,White Other,701
W06000009,Pembrokeshire,6,White Other,2857
W06000009,Pembrokeshire,7,Other,422
W06000010,Carmarthenshire,-8,Does not apply,0
W06000010,Carmarthenshire,1,Asian,2321
W06000010,Carmarthenshire,2,Black,455
W06000010,Carmarthenshire,3,Mixed,1757
W06000010,Carmarthenshire,4,White British,176673
W06000010,Carmarthenshire,5,White Other,649
W06000010,Carmarthenshire,6,White Other,5329
W06000010,Carmarthenshire,7,Other,714
W06000011,Swansea,-8,Does not apply,0
W06000011,Swansea,1,Asian,10450
W06000011,Swansea,2,Black,2797
W06000011,Swansea,3,Mixed,3808
W06000011,Swansea,4,White British,208703
W06000011,Swansea,5,White Other,1111
W06000011,Swansea,6,White Other,8238
W06000011,Swansea,7,Other,3383
W06000012,Neath Port Talbot,-8,Does not apply,0
W06000012,Neath Port Talbot,1,Asian,2253
W06000012,Neath Port Talbot,2,Black,522
W06000012,Neath Port Talbot,3,Mixed,1583
W06000012,Neath Port Talbot,4,White British,135111
W06000012,Neath Port Talbot,5,White Other,437
W06000012,Neath Port Talbot,6,White Other,1963
W06000012,Neath Port Talbot,7,Other,421
W06000013,Bridgend,-8,Does not apply,0
W06000013,Bridgend,1,Asian,2152
W06000013,Bridgend,2,Black,428
W06000013,Bridgend,3,Mixed,1682
W06000013,Bridgend,4,White British,137755
W06000013,Bridgend,5,White Other,452
W06000013,Bridgend,6,White Other,2592
W06000013,Bridgend,7,Other,426
W06000014,Vale of Glamorgan,-8,Does not apply,0
W06000014,Vale of Glamorgan,1,Asian,2807
W06000014,Vale of Glamorgan,2,Black,624
W06000014,Vale of Glamorgan,3,Mixed,2987
W06000014,Vale of Glamorgan,4,White British,121371
W06000014,Vale of Glamorgan,5,White Other,659
W06000014,Vale of Glamorgan,6,White Other,2770
W06000014,Vale of Glamorgan,7,Other,721
W06000015,Cardiff,-8,Does not apply,0
W06000015,Cardiff,1,Asian,34983
W06000015,Cardiff,2,Black,13894
W06000015,Cardiff,3,Mixed,14506
W06000015,Cardiff,4,White British,266533
W06000015,Cardiff,5,White Other,2335
W06000015,Cardiff,6,White Other,18063
W06000015,Cardiff,7,Other,11994
W06000016,Rhondda Cynon Taf,-8,Does not apply,0
W06000016,Rhondda Cynon Taf,1,Asian,3506
W06000016,Rhondda Cynon Taf,2,Black,996
W06000016,Rhondda Cynon Taf,3,Mixed,2468
W06000016,Rhondda Cynon Taf,4,White British,226123
W06000016,Rhondda Cynon Taf,5,White Other,516
W06000016,Rhondda Cynon Taf,6,White Other,3284
W06000016,Rhondda Cynon Taf,7,Other,758
W06000018,Caerphilly,-8,Does not apply,0
W06000018,Caerphilly,1,Asian,1584
W06000018,Caerphilly,2,Black,283
W06000018,Caerphilly,3,Mixed,1753
W06000018,Caerphilly,4,White British,169356
W06000018,Caerphilly,5,White Other,389
W06000018,Caerphilly,6,White Other,2209
W06000018,Caerphilly,7,Other,382
W06000019,Blaenau Gwent,-8,Does not apply,0
W06000019,Blaenau Gwent,1,Asian,621
W06000019,Blaenau Gwent,2,Black,115
W06000019,Blaenau Gwent,3,Mixed,569
W06000019,Blaenau Gwent,4,White British,63990
W06000019,Blaenau Gwent,5,White Other,92
W06000019,Blaenau Gwent,6,White Other,1375
W06000019,Blaenau Gwent,7,Other,142
W06000020,Torfaen,-8,Does not apply,0
W06000020,Torfaen,1,Asian,1202
W06000020,Torfaen,2,Black,229
W06000020,Torfaen,3,Mixed,1004
W06000020,Torfaen,4,White British,87873
W06000020,Torfaen,5,White Other,296
W06000020,Torfaen,6,White Other,1427
W06000020,Torfaen,7,Other,245
W06000021,Monmouthshire,-8,Does not apply,0
W06000021,Monmouthshire,1,Asian,1185
W06000021,Monmouthshire,2,Black,228
W06000021,Monmouthshire,3,Mixed,1115
W06000021,Monmouthshire,4,White British,87566
W06000021,Monmouthshire,5,White Other,451
W06000021,Monmouthshire,6,White Other,2089
W06000021,Monmouthshire,7,Other,323
W06000022,Newport,-8,Does not apply,0
W06000022,Newport,1,Asian,12194
W06000022,Newport,2,Black,3734
W06000022,Newport,3,Mixed,4454
W06000022,Newport,4,White British,128245
W06000022,Newport,5,White Other,685
W06000022,Newport,6,White Other,7543
W06000022,Newport,7,Other,2738
W06000023,Powys,-8,Does not apply,0
W06000023,Powys,1,Asian,1247
W06000023,Powys,2,Black,219
W06000023,Powys,3,Mixed,1135
W06000023,Powys,4,White British,126357
W06000023,Powys,5,White Other,581
W06000023,Powys,6,White Other,3221
W06000023,Powys,7,Other,407
W06000024,Merthyr Tydfil,-8,Does not apply,0
W06000024,Merthyr Tydfil,1,Asian,871
W06000024,Merthyr Tydfil,2,Black,91
W06000024,Merthyr Tydfil,3,Mixed,511
W06000024,Merthyr Tydfil,4,White British,54916
W06000024,Merthyr Tydfil,5,White Other,113
W06000024,Merthyr Tydfil,6,White Other,2111
W06000024,Merthyr Tydfil,7,Other,227
