;year;gender;race;borough;mean_Q131;mean_Q133;count;total_surveys_borough;proportion_subgroup;Q131_Q133_avg;year;mean_Q131;mean_Q133;count;total_surveys_borough;proportion_subgroup;Q131_Q133_avg;gender_Male;race_Black;race_White;borough_Barnet;borough_Bexley;borough_Brent;borough_Bromley;borough_Camden;borough_Croydon;borough_Ealing;borough_Enfield;borough_Greenwich;borough_Hackney;borough_Hammersmith and Fulham;borough_Haringey;borough_Harrow;borough_Havering;borough_Hillingdon;borough_Hounslow;borough_Islington;borough_Kensington and Chelsea;borough_Kingston upon Thames;borough_Lambeth;borough_Lewisham;borough_Merton;borough_Newham;borough_Redbridge;borough_Richmond upon Thames;borough_Southwark;borough_Sutton;borough_Tower Hamlets;borough_Waltham Forest;borough_Wandsworth;borough_Westminster
0;2018;Female;Asian;Barking and Dagenham;1.4193548387096775;1.5806451612903225;31;373;0.08310991957104558;1.5;2018;1.4193548387096775;1.5806451612903225;31;373;0.08310991957104558;1.5;False;False;False;False;False;False;False;False;False;False;False;False;False;False;False;False;False;False;False;False;False;False;False;False;False;False;False;False;False;False;False;False;False;False
1;2018;Female;Asian;Barnet;1.3611111111111112;1.5833333333333333;36;368;0.09782608695652174;1.4722222222222223;2018;1.3611111111111112;1.5833333333333333;36;368;0.09782608695652174;1.4722222222222223;False;False;False;True;False;False;False;False;False;False;False;False;False;False;False;False;False;False;False;False;False;False;False;False;False;False;False;False;False;False;False;False;False;False
2;2018;Female;Asian;Bexley;1.5217391304347827;1.4782608695652173;23;371;0.06199460916442048;1.5;2018;1.5217391304347827;1.4782608695652173;23;371;0.06199460916442048;1.5;False;False;False;False;True;False;False;False;False;False;False;False;False;False;False;False;False;False;False;False;False;False;False;False;False;False;False;False;False;False;False;False;False;False
3;2018;Female;Asian;Brent;1.2592592592592593;1.7037037037037037;54;354;0.15254237288135594;1.4814814814814814;2018;1.2592592592592593;1.7037037037037037;54;354;0.15254237288135594;1.4814814814814814;False;False;False;False;False;True;False;False;False;False;False;False;False;False;False;False;False;False;False;False;False;False;False;False;False;False;False;False;False;False;False;False;False;False
4;2018;Female;Asian;Bromley;1.0;2.0;3;374;0.008021390374331552;1.5;2018;1.0;2.0;3;374;0.008021390374331552;1.5;False;False;False;False;False;False;True;False;False;False;False;False;False;False;False;False;False;False;False;False;False;False;False;False;False;False;False;False;False;False;False;False;False;False
5;2018;Female;Asian;Camden;1.15;1.85;20;365;0.0547945205479452;1.5;2018;1.15;1.85;20;365;0.0547945205479452;1.5;False;False;False;False;False;False;False;True;False;False;False;False;False;False;False;False;False;False;False;False;False;False;False;False;False;False;False;False;False;False;False;False;False;False
6;2018;Female;Asian;Croydon;1.625;1.7083333333333333;24;357;0.06722689075630252;1.6666666666666665;2018;1.625;1.7083333333333333;24;357;0.06722689075630252;1.6666666666666665;False;False;False;False;False;False;False;False;True;False;False;False;False;False;False;False;False;False;False;False;False;False;False;False;False;False;False;False;False;False;False;False;False;False
7;2018;Female;Asian;Ealing;1.5319148936170213;1.9574468085106382;47;358;0.13128491620111732;1.7446808510638299;2018;1.5319148936170213;1.9574468085106382;47;358;0.13128491620111732;1.7446808510638299;False;False;False;False;False;False;False;False;False;True;False;False;False;False;False;False;False;False;False;False;False;False;False;False;False;False;False;False;False;False;False;False;False;False
8;2018;Female;Asian;Enfield;1.24;1.44;25;356;0.0702247191011236;1.3399999999999999;2018;1.24;1.44;25;356;0.0702247191011236;1.3399999999999999;False;False;False;False;False;False;False;False;False;False;True;False;False;False;False;False;False;False;False;False;False;False;False;False;False;False;False;False;False;False;False;False;False;False
9;2018;Female;Asian;Greenwich;1.4;1.45;20;350;0.05714285714285714;1.4249999999999998;2018;1.4;1.45;20;350;0.05714285714285714;1.4249999999999998;False;False;False;False;False;False;False;False;False;False;False;True;False;False;False;False;False;False;False;False;False;False;False;False;False;False;False;False;False;False;False;False;False;False
10;2018;Female;Asian;Hackney;1.2941176470588236;1.7058823529411764;17;375;0.04533333333333334;1.5;2018;1.2941176470588236;1.7058823529411764;17;375;0.04533333333333334;1.5;False;False;False;False;False;False;False;False;False;False;False;False;True;False;False;False;False;False;False;False;False;False;False;False;False;False;False;False;False;False;False;False;False;False
11;2018;Female;Asian;Hammersmith and Fulham;1.3846153846153846;1.6153846153846154;13;338;0.038461538461538464;1.5;2018;1.3846153846153846;1.6153846153846154;13;338;0.038461538461538464;1.5;False;False;False;False;False;False;False;False;False;False;False;False;False;True;False;False;False;False;False;False;False;False;False;False;False;False;False;False;False;False;False;False;False;False
12;2018;Female;Asian;Haringey;1.3333333333333333;1.9166666666666667;12;355;0.03380281690140845;1.625;2018;1.3333333333333333;1.9166666666666667;12;355;0.03380281690140845;1.625;False;False;False;False;False;False;False;False;False;False;False;False;False;False;True;False;False;False;False;False;False;False;False;False;False;False;False;False;False;False;False;False;False;False
13;2018;Female;Asian;Harrow;1.4470588235294117;1.7294117647058824;85;353;0.24079320113314448;1.5882352941176472;2018;1.4470588235294117;1.7294117647058824;85;353;0.24079320113314448;1.5882352941176472;False;False;False;False;False;False;False;False;False;False;False;False;False;False;False;True;False;False;False;False;False;False;False;False;False;False;False;False;False;False;False;False;False;False
14;2018;Female;Asian;Havering;1.1875;1.5;16;363;0.0440771349862259;1.34375;2018;1.1875;1.5;16;363;0.0440771349862259;1.34375;False;False;False;False;False;False;False;False;False;False;False;False;False;False;False;False;True;False;False;False;False;False;False;False;False;False;False;False;False;False;False;False;False;False
15;2018;Female;Asian;Hillingdon;1.2641509433962264;1.7358490566037736;53;368;0.14402173913043478;1.5;2018;1.2641509433962264;1.7358490566037736;53;368;0.14402173913043478;1.5;False;False;False;False;False;False;False;False;False;False;False;False;False;False;False;False;False;True;False;False;False;False;False;False;False;False;False;False;False;False;False;False;False;False
16;2018;Female;Asian;Hounslow;1.576271186440678;1.9491525423728813;59;359;0.16434540389972144;1.7627118644067796;2018;1.576271186440678;1.9491525423728813;59;359;0.16434540389972144;1.7627118644067796;False;False;False;False;False;False;False;False;False;False;False;False;False;False;False;False;False;False;True;False;False;False;False;False;False;False;False;False;False;False;False;False;False;False
17;2018;Female;Asian;Islington;1.1666666666666667;1.625;24;355;0.0676056338028169;1.3958333333333335;2018;1.1666666666666667;1.625;24;355;0.0676056338028169;1.3958333333333335;False;False;False;False;False;False;False;False;False;False;False;False;False;False;False;False;False;False;False;True;False;False;False;False;False;False;False;False;False;False;False;False;False;False
18;2018;Female;Asian;Kensington and Chelsea;1.45;1.65;20;317;0.06309148264984227;1.5499999999999998;2018;1.45;1.65;20;317;0.06309148264984227;1.5499999999999998;False;False;False;False;False;False;False;False;False;False;False;False;False;False;False;False;False;False;False;False;True;False;False;False;False;False;False;False;False;False;False;False;False;False
19;2018;Female;Asian;Kingston upon Thames;1.3793103448275863;1.6206896551724137;29;372;0.07795698924731183;1.5;2018;1.3793103448275863;1.6206896551724137;29;372;0.07795698924731183;1.5;False;False;False;False;False;False;False;False;False;False;False;False;False;False;False;False;False;False;False;False;False;True;False;False;False;False;False;False;False;False;False;False;False;False
20;2018;Female;Asian;Lambeth;1.2105263157894737;1.4210526315789473;19;333;0.057057057057057055;1.3157894736842106;2018;1.2105263157894737;1.4210526315789473;19;333;0.057057057057057055;1.3157894736842106;False;False;False;False;False;False;False;False;False;False;False;False;False;False;False;False;False;False;False;False;False;False;True;False;False;False;False;False;False;False;False;False;False;False
21;2018;Female;Asian;Lewisham;1.0714285714285714;1.6428571428571428;14;348;0.040229885057471264;1.3571428571428572;2018;1.0714285714285714;1.6428571428571428;14;348;0.040229885057471264;1.3571428571428572;False;False;False;False;False;False;False;False;False;False;False;False;False;False;False;False;False;False;False;False;False;False;False;True;False;False;False;False;False;False;False;False;False;False
22;2018;Female;Asian;Merton;1.65;1.875;40;357;0.11204481792717087;1.7625;2018;1.65;1.875;40;357;0.11204481792717087;1.7625;False;False;False;False;False;False;False;False;False;False;False;False;False;False;False;False;False;False;False;False;False;False;False;False;True;False;False;False;False;False;False;False;False;False
23;2018;Female;Asian;Newham;1.5538461538461539;1.7692307692307692;65;350;0.18571428571428572;1.6615384615384614;2018;1.5538461538461539;1.7692307692307692;65;350;0.18571428571428572;1.6615384615384614;False;False;False;False;False;False;False;False;False;False;False;False;False;False;False;False;False;False;False;False;False;False;False;False;False;True;False;False;False;False;False;False;False;False
24;2018;Female;Asian;Redbridge;1.4225352112676057;1.647887323943662;71;367;0.19346049046321526;1.535211267605634;2018;1.4225352112676057;1.647887323943662;71;367;0.19346049046321526;1.535211267605634;False;False;False;False;False;False;False;False;False;False;False;False;False;False;False;False;False;False;False;False;False;False;False;False;False;False;True;False;False;False;False;False;False;False
25;2018;Female;Asian;Richmond upon Thames;1.5555555555555556;1.6666666666666667;9;377;0.023872679045092837;1.6111111111111112;2018;1.5555555555555556;1.6666666666666667;9;377;0.023872679045092837;1.6111111111111112;False;False;False;False;False;False;False;False;False;False;False;False;False;False;False;False;False;False;False;False;False;False;False;False;False;False;False;True;False;False;False;False;False;False
26;2018;Female;Asian;Southwark;1.2941176470588236;1.7058823529411764;17;324;0.05246913580246913;1.5;2018;1.2941176470588236;1.7058823529411764;17;324;0.05246913580246913;1.5;False;False;False;False;False;False;False;False;False;False;False;False;False;False;False;False;False;False;False;False;False;False;False;False;False;False;False;False;True;False;False;False;False;False
27;2018;Female;Asian;Sutton;1.65625;1.9375;32;365;0.08767123287671233;1.796875;2018;1.65625;1.9375;32;365;0.08767123287671233;1.796875;False;False;False;False;False;False;False;False;False;False;False;False;False;False;False;False;False;False;False;False;False;False;False;False;False;False;False;False;False;True;False;False;False;False
28;2018;Female;Asian;Tower Hamlets;1.302325581395349;1.6511627906976745;86;357;0.24089635854341737;1.4767441860465116;2018;1.302325581395349;1.6511627906976745;86;357;0.24089635854341737;1.4767441860465116;False;False;False;False;False;False;False;False;False;False;False;False;False;False;False;False;False;False;False;False;False;False;False;False;False;False;False;False;False;False;True;False;False;False
29;2018;Female;Asian;Waltham Forest;1.3055555555555556;1.5833333333333333;36;371;0.09703504043126684;1.4444444444444444;2018;1.3055555555555556;1.5833333333333333;36;371;0.09703504043126684;1.4444444444444444;False;False;False;False;False;False;False;False;False;False;False;False;False;False;False;False;False;False;False;False;False;False;False;False;False;False;False;False;False;False;False;True;False;False
30;2018;Female;Asian;Wandsworth;1.4615384615384615;1.8076923076923077;26;331;0.07854984894259819;1.6346153846153846;2018;1.4615384615384615;1.8076923076923077;26;331;0.07854984894259819;1.6346153846153846;False;False;False;False;False;False;False;False;False;False;False;False;False;False;False;False;False;False;False;False;False;False;False;False;False;False;False;False;False;False;False;False;True;False
31;2018;Female;Asian;Westminster;1.4166666666666667;1.7083333333333333;24;327;0.07339449541284404;1.5625;2018;1.4166666666666667;1.7083333333333333;24;327;0.07339449541284404;1.5625;False;False;False;False;False;False;False;False;False;False;False;False;False;False;False;False;False;False;False;False;False;False;False;False;False;False;False;False;False;False;False;False;False;True
32;2018;Female;Black;Barking and Dagenham;1.6578947368421053;1.6842105263157894;38;373;0.10187667560321716;1.6710526315789473;2018;1.6578947368421053;1.6842105263157894;38;373;0.10187667560321716;1.6710526315789473;False;True;False;False;False;False;False;False;False;False;False;False;False;False;False;False;False;False;False;False;False;False;False;False;False;False;False;False;False;False;False;False;False;False
33;2018;Female;Black;Barnet;1.2941176470588236;1.588235294117647;17;368;0.04619565217391304;1.4411764705882353;2018;1.2941176470588236;1.588235294117647;17;368;0.04619565217391304;1.4411764705882353;False;True;False;True;False;False;False;False;False;False;False;False;False;False;False;False;False;False;False;False;False;False;False;False;False;False;False;False;False;False;False;False;False;False
34;2018;Female;Black;Bexley;1.2727272727272727;1.5454545454545454;22;371;0.05929919137466307;1.4090909090909092;2018;1.2727272727272727;1.5454545454545454;22;371;0.05929919137466307;1.4090909090909092;False;True;False;False;True;False;False;False;False;False;False;False;False;False;False;False;False;False;False;False;False;False;False;False;False;False;False;False;False;False;False;False;False;False
35;2018;Female;Black;Brent;1.2553191489361701;1.6595744680851063;47;354;0.1327683615819209;1.4574468085106382;2018;1.2553191489361701;1.6595744680851063;47;354;0.1327683615819209;1.4574468085106382;False;True;False;False;False;True;False;False;False;False;False;False;False;False;False;False;False;False;False;False;False;False;False;False;False;False;False;False;False;False;False;False;False;False
36;2018;Female;Black;Bromley;1.0909090909090908;1.4545454545454546;11;374;0.029411764705882353;1.2727272727272727;2018;1.0909090909090908;1.4545454545454546;11;374;0.029411764705882353;1.2727272727272727;False;True;False;False;False;False;True;False;False;False;False;False;False;False;False;False;False;False;False;False;False;False;False;False;False;False;False;False;False;False;False;False;False;False
37;2018;Female;Black;Camden;1.1111111111111112;1.7222222222222223;18;365;0.049315068493150684;1.4166666666666667;2018;1.1111111111111112;1.7222222222222223;18;365;0.049315068493150684;1.4166666666666667;False;True;False;False;False;False;False;True;False;False;False;False;False;False;False;False;False;False;False;False;False;False;False;False;False;False;False;False;False;False;False;False;False;False
38;2018;Female;Black;Croydon;1.325;1.675;40;357;0.11204481792717087;1.5;2018;1.325;1.675;40;357;0.11204481792717087;1.5;False;True;False;False;False;False;False;False;True;False;False;False;False;False;False;False;False;False;False;False;False;False;False;False;False;False;False;False;False;False;False;False;False;False
39;2018;Female;Black;Ealing;1.6153846153846154;1.7692307692307692;26;358;0.07262569832402235;1.6923076923076923;2018;1.6153846153846154;1.7692307692307692;26;358;0.07262569832402235;1.6923076923076923;False;True;False;False;False;False;False;False;False;True;False;False;False;False;False;False;False;False;False;False;False;False;False;False;False;False;False;False;False;False;False;False;False;False
40;2018;Female;Black;Enfield;1.2972972972972974;1.8108108108108107;37;356;0.10393258426966293;1.554054054054054;2018;1.2972972972972974;1.8108108108108107;37;356;0.10393258426966293;1.554054054054054;False;True;False;False;False;False;False;False;False;False;True;False;False;False;False;False;False;False;False;False;False;False;False;False;False;False;False;False;False;False;False;False;False;False
41;2018;Female;Black;Greenwich;1.1627906976744187;1.5348837209302326;43;350;0.12285714285714286;1.3488372093023258;2018;1.1627906976744187;1.5348837209302326;43;350;0.12285714285714286;1.3488372093023258;False;True;False;False;False;False;False;False;False;False;False;True;False;False;False;False;False;False;False;False;False;False;False;False;False;False;False;False;False;False;False;False;False;False
42;2018;Female;Black;Hackney;1.2028985507246377;1.5797101449275361;69;375;0.184;1.391304347826087;2018;1.2028985507246377;1.5797101449275361;69;375;0.184;1.391304347826087;False;True;False;False;False;False;False;False;False;False;False;False;True;False;False;False;False;False;False;False;False;False;False;False;False;False;False;False;False;False;False;False;False;False
43;2018;Female;Black;Hammersmith and Fulham;1.411764705882353;1.6764705882352942;34;338;0.10059171597633136;1.5441176470588236;2018;1.411764705882353;1.6764705882352942;34;338;0.10059171597633136;1.5441176470588236;False;True;False;False;False;False;False;False;False;False;False;False;False;True;False;False;False;False;False;False;False;False;False;False;False;False;False;False;False;False;False;False;False;False
44;2018;Female;Black;Haringey;1.40625;1.6875;32;355;0.09014084507042254;1.546875;2018;1.40625;1.6875;32;355;0.09014084507042254;1.546875;False;True;False;False;False;False;False;False;False;False;False;False;False;False;True;False;False;False;False;False;False;False;False;False;False;False;False;False;False;False;False;False;False;False
45;2018;Female;Black;Harrow;1.6428571428571428;2.0714285714285716;14;353;0.039660056657223795;1.8571428571428572;2018;1.6428571428571428;2.0714285714285716;14;353;0.039660056657223795;1.8571428571428572;False;True;False;False;False;False;False;False;False;False;False;False;False;False;False;True;False;False;False;False;False;False;False;False;False;False;False;False;False;False;False;False;False;False
46;2018;Female;Black;Havering;1.3571428571428572;1.7142857142857142;14;363;0.03856749311294766;1.5357142857142856;2018;1.3571428571428572;1.7142857142857142;14;363;0.03856749311294766;1.5357142857142856;False;True;False;False;False;False;False;False;False;False;False;False;False;False;False;False;True;False;False;False;False;False;False;False;False;False;False;False;False;False;False;False;False;False
47;2018;Female;Black;Hillingdon;1.625;1.875;16;368;0.043478260869565216;1.75;2018;1.625;1.875;16;368;0.043478260869565216;1.75;False;True;False;False;False;False;False;False;False;False;False;False;False;False;False;False;False;True;False;False;False;False;False;False;False;False;False;False;False;False;False;False;False;False
48;2018;Female;Black;Hounslow;1.4285714285714286;1.619047619047619;21;359;0.0584958217270195;1.5238095238095237;2018;1.4285714285714286;1.619047619047619;21;359;0.0584958217270195;1.5238095238095237;False;True;False;False;False;False;False;False;False;False;False;False;False;False;False;False;False;False;True;False;False;False;False;False;False;False;False;False;False;False;False;False;False;False
49;2018;Female;Black;Islington;1.4;1.68;25;355;0.07042253521126761;1.54;2018;1.4;1.68;25;355;0.07042253521126761;1.54;False;True;False;False;False;False;False;False;False;False;False;False;False;False;False;False;False;False;False;True;False;False;False;False;False;False;False;False;False;False;False;False;False;False
50;2018;Female;Black;Kensington and Chelsea;1.5;2.0;14;317;0.04416403785488959;1.75;2018;1.5;2.0;14;317;0.04416403785488959;1.75;False;True;False;False;False;False;False;False;False;False;False;False;False;False;False;False;False;False;False;False;True;False;False;False;False;False;False;False;False;False;False;False;False;False
51;2018;Female;Black;Kingston upon Thames;1.8333333333333333;2.0;6;372;0.016129032258064516;1.9166666666666665;2018;1.8333333333333333;2.0;6;372;0.016129032258064516;1.9166666666666665;False;True;False;False;False;False;False;False;False;False;False;False;False;False;False;False;False;False;False;False;False;True;False;False;False;False;False;False;False;False;False;False;False;False
52;2018;Female;Black;Lambeth;1.2592592592592593;1.6666666666666667;54;333;0.16216216216216217;1.462962962962963;2018;1.2592592592592593;1.6666666666666667;54;333;0.16216216216216217;1.462962962962963;False;True;False;False;False;False;False;False;False;False;False;False;False;False;False;False;False;False;False;False;False;False;True;False;False;False;False;False;False;False;False;False;False;False
53;2018;Female;Black;Lewisham;1.2666666666666666;1.9111111111111112;45;348;0.12931034482758622;1.588888888888889;2018;1.2666666666666666;1.9111111111111112;45;348;0.12931034482758622;1.588888888888889;False;True;False;False;False;False;False;False;False;False;False;False;False;False;False;False;False;False;False;False;False;False;False;True;False;False;False;False;False;False;False;False;False;False
54;2018;Female;Black;Merton;1.5;1.7857142857142858;14;357;0.0392156862745098;1.6428571428571428;2018;1.5;1.7857142857142858;14;357;0.0392156862745098;1.6428571428571428;False;True;False;False;False;False;False;False;False;False;False;False;False;False;False;False;False;False;False;False;False;False;False;False;True;False;False;False;False;False;False;False;False;False
55;2018;Female;Black;Newham;1.3863636363636365;1.8181818181818181;44;350;0.12571428571428572;1.6022727272727273;2018;1.3863636363636365;1.8181818181818181;44;350;0.12571428571428572;1.6022727272727273;False;True;False;False;False;False;False;False;False;False;False;False;False;False;False;False;False;False;False;False;False;False;False;False;False;True;False;False;False;False;False;False;False;False
56;2018;Female;Black;Redbridge;1.5555555555555556;1.7222222222222223;18;367;0.04904632152588556;1.6388888888888888;2018;1.5555555555555556;1.7222222222222223;18;367;0.04904632152588556;1.6388888888888888;False;True;False;False;False;False;False;False;False;False;False;False;False;False;False;False;False;False;False;False;False;False;False;False;False;False;True;False;False;False;False;False;False;False
57;2018;Female;Black;Richmond upon Thames;1.0;1.5;2;377;0.005305039787798408;1.25;2018;1.0;1.5;2;377;0.005305039787798408;1.25;False;True;False;False;False;False;False;False;False;False;False;False;False;False;False;False;False;False;False;False;False;False;False;False;False;False;False;True;False;False;False;False;False;False
58;2018;Female;Black;Southwark;1.4482758620689655;1.6379310344827587;58;324;0.17901234567901234;1.543103448275862;2018;1.4482758620689655;1.6379310344827587;58;324;0.17901234567901234;1.543103448275862;False;True;False;False;False;False;False;False;False;False;False;False;False;False;False;False;False;False;False;False;False;False;False;False;False;False;False;False;True;False;False;False;False;False
59;2018;Female;Black;Sutton;1.5625;1.9375;16;365;0.043835616438356165;1.75;2018;1.5625;1.9375;16;365;0.043835616438356165;1.75;False;True;False;False;False;False;False;False;False;False;False;False;False;False;False;False;False;False;False;False;False;False;False;False;False;False;False;False;False;True;False;False;False;False
60;2018;Female;Black;Tower Hamlets;1.1666666666666667;1.75;12;357;0.03361344537815126;1.4583333333333335;2018;1.1666666666666667;1.75;12;357;0.03361344537815126;1.4583333333333335;False;True;False;False;False;False;False;False;False;False;False;False;False;False;False;False;False;False;False;False;False;False;False;False;False;False;False;False;False;False;True;False;False;False
61;2018;Female;Black;Waltham Forest;1.3421052631578947;1.5526315789473684;38;371;0.10242587601078167;1.4473684210526314;2018;1.3421052631578947;1.5526315789473684;38;371;0.10242587601078167;1.4473684210526314;False;True;False;False;False;False;False;False;False;False;False;False;False;False;False;False;False;False;False;False;False;False;False;False;False;False;False;False;False;False;False;True;False;False
62;2018;Female;Black;Wandsworth;1.3548387096774193;1.7419354838709677;31;331;0.09365558912386707;1.5483870967741935;2018;1.3548387096774193;1.7419354838709677;31;331;0.09365558912386707;1.5483870967741935;False;True;False;False;False;False;False;False;False;False;False;False;False;False;False;False;False;False;False;False;False;False;False;False;False;False;False;False;False;False;False;False;True;False
63;2018;Female;Black;Westminster;1.8181818181818181;1.8181818181818181;11;327;0.03363914373088685;1.8181818181818181;2018;1.8181818181818181;1.8181818181818181;11;327;0.03363914373088685;1.8181818181818181;False;True;False;False;False;False;False;False;False;False;False;False;False;False;False;False;False;False;False;False;False;False;False;False;False;False;False;False;False;False;False;False;False;True
64;2018;Female;White;Barking and Dagenham;1.330708661417323;1.7086614173228347;127;373;0.34048257372654156;1.5196850393700787;2018;1.330708661417323;1.7086614173228347;127;373;0.34048257372654156;1.5196850393700787;False;False;True;False;False;False;False;False;False;False;False;False;False;False;False;False;False;False;False;False;False;False;False;False;False;False;False;False;False;False;False;False;False;False
65;2018;Female;White;Barnet;1.5290322580645161;1.7870967741935484;155;368;0.421195652173913;1.6580645161290324;2018;1.5290322580645161;1.7870967741935484;155;368;0.421195652173913;1.6580645161290324;False;False;True;True;False;False;False;False;False;False;False;False;False;False;False;False;False;False;False;False;False;False;False;False;False;False;False;False;False;False;False;False;False;False
66;2018;Female;White;Bexley;1.425;1.6375;160;371;0.431266846361186;1.53125;2018;1.425;1.6375;160;371;0.431266846361186;1.53125;False;False;True;False;True;False;False;False;False;False;False;False;False;False;False;False;False;False;False;False;False;False;False;False;False;False;False;False;False;False;False;False;False;False
67;2018;Female;White;Brent;1.2988505747126438;1.7241379310344827;87;354;0.2457627118644068;1.5114942528735633;2018;1.2988505747126438;1.7241379310344827;87;354;0.2457627118644068;1.5114942528735633;False;False;True;False;False;True;False;False;False;False;False;False;False;False;False;False;False;False;False;False;False;False;False;False;False;False;False;False;False;False;False;False;False;False
68;2018;Female;White;Bromley;1.4915254237288136;1.7118644067796611;177;374;0.4732620320855615;1.6016949152542375;2018;1.4915254237288136;1.7118644067796611;177;374;0.4732620320855615;1.6016949152542375;False;False;True;False;False;False;True;False;False;False;False;False;False;False;False;False;False;False;False;False;False;False;False;False;False;False;False;False;False;False;False;False;False;False
69;2018;Female;White;Camden;1.4342105263157894;1.8223684210526316;152;365;0.41643835616438357;1.6282894736842106;2018;1.4342105263157894;1.8223684210526316;152;365;0.41643835616438357;1.6282894736842106;False;False;True;False;False;False;False;True;False;False;False;False;False;False;False;False;False;False;False;False;False;False;False;False;False;False;False;False;False;False;False;False;False;False
70;2018;Female;White;Croydon;1.5130434782608695;1.791304347826087;115;357;0.32212885154061627;1.6521739130434783;2018;1.5130434782608695;1.791304347826087;115;357;0.32212885154061627;1.6521739130434783;False;False;True;False;False;False;False;False;True;False;False;False;False;False;False;False;False;False;False;False;False;False;False;False;False;False;False;False;False;False;False;False;False;False
71;2018;Female;White;Ealing;1.4018691588785046;1.7850467289719627;107;358;0.2988826815642458;1.5934579439252337;2018;1.4018691588785046;1.7850467289719627;107;358;0.2988826815642458;1.5934579439252337;False;False;True;False;False;False;False;False;False;True;False;False;False;False;False;False;False;False;False;False;False;False;False;False;False;False;False;False;False;False;False;False;False;False
72;2018;Female;White;Enfield;1.368421052631579;1.8157894736842106;152;356;0.42696629213483145;1.5921052631578947;2018;1.368421052631579;1.8157894736842106;152;356;0.42696629213483145;1.5921052631578947;False;False;True;False;False;False;False;False;False;False;True;False;False;False;False;False;False;False;False;False;False;False;False;False;False;False;False;False;False;False;False;False;False;False
73;2018;Female;White;Greenwich;1.3576642335766422;1.7518248175182483;137;350;0.3914285714285714;1.5547445255474452;2018;1.3576642335766422;1.7518248175182483;137;350;0.3914285714285714;1.5547445255474452;False;False;True;False;False;False;False;False;False;False;False;True;False;False;False;False;False;False;False;False;False;False;False;False;False;False;False;False;False;False;False;False;False;False
74;2018;Female;White;Hackney;1.263157894736842;1.6090225563909775;133;375;0.3546666666666667;1.4360902255639099;2018;1.263157894736842;1.6090225563909775;133;375;0.3546666666666667;1.4360902255639099;False;False;True;False;False;False;False;False;False;False;False;False;True;False;False;False;False;False;False;False;False;False;False;False;False;False;False;False;False;False;False;False;False;False
75;2018;Female;White;Hammersmith and Fulham;1.3174603174603174;1.6507936507936507;126;338;0.3727810650887574;1.4841269841269842;2018;1.3174603174603174;1.6507936507936507;126;338;0.3727810650887574;1.4841269841269842;False;False;True;False;False;False;False;False;False;False;False;False;False;True;False;False;False;False;False;False;False;False;False;False;False;False;False;False;False;False;False;False;False;False
76;2018;Female;White;Haringey;1.4814814814814814;1.7851851851851852;135;355;0.38028169014084506;1.6333333333333333;2018;1.4814814814814814;1.7851851851851852;135;355;0.38028169014084506;1.6333333333333333;False;False;True;False;False;False;False;False;False;False;False;False;False;False;True;False;False;False;False;False;False;False;False;False;False;False;False;False;False;False;False;False;False;False
77;2018;Female;White;Harrow;1.4166666666666667;1.84375;96;353;0.2719546742209632;1.6302083333333335;2018;1.4166666666666667;1.84375;96;353;0.2719546742209632;1.6302083333333335;False;False;True;False;False;False;False;False;False;False;False;False;False;False;False;True;False;False;False;False;False;False;False;False;False;False;False;False;False;False;False;False;False;False
78;2018;Female;White;Havering;1.4195402298850575;1.7183908045977012;174;363;0.4793388429752066;1.5689655172413794;2018;1.4195402298850575;1.7183908045977012;174;363;0.4793388429752066;1.5689655172413794;False;False;True;False;False;False;False;False;False;False;False;False;False;False;False;False;True;False;False;False;False;False;False;False;False;False;False;False;False;False;False;False;False;False
79;2018;Female;White;Hillingdon;1.5572519083969465;1.8473282442748091;131;368;0.35597826086956524;1.7022900763358777;2018;1.5572519083969465;1.8473282442748091;131;368;0.35597826086956524;1.7022900763358777;False;False;True;False;False;False;False;False;False;False;False;False;False;False;False;False;False;True;False;False;False;False;False;False;False;False;False;False;False;False;False;False;False;False
80;2018;Female;White;Hounslow;1.5862068965517242;1.8275862068965518;116;359;0.3231197771587744;1.706896551724138;2018;1.5862068965517242;1.8275862068965518;116;359;0.3231197771587744;1.706896551724138;False;False;True;False;False;False;False;False;False;False;False;False;False;False;False;False;False;False;True;False;False;False;False;False;False;False;False;False;False;False;False;False;False;False
81;2018;Female;White;Islington;1.371069182389937;1.779874213836478;159;355;0.447887323943662;1.5754716981132075;2018;1.371069182389937;1.779874213836478;159;355;0.447887323943662;1.5754716981132075;False;False;True;False;False;False;False;False;False;False;False;False;False;False;False;False;False;False;False;True;False;False;False;False;False;False;False;False;False;False;False;False;False;False
82;2018;Female;White;Kensington and Chelsea;1.4915254237288136;1.7966101694915255;118;317;0.3722397476340694;1.6440677966101696;2018;1.4915254237288136;1.7966101694915255;118;317;0.3722397476340694;1.6440677966101696;False;False;True;False;False;False;False;False;False;False;False;False;False;False;False;False;False;False;False;False;True;False;False;False;False;False;False;False;False;False;False;False;False;False
83;2018;Female;White;Kingston upon Thames;1.5454545454545454;1.7987012987012987;154;372;0.41397849462365593;1.672077922077922;2018;1.5454545454545454;1.7987012987012987;154;372;0.41397849462365593;1.672077922077922;False;False;True;False;False;False;False;False;False;False;False;False;False;False;False;False;False;False;False;False;False;True;False;False;False;False;False;False;False;False;False;False;False;False
84;2018;Female;White;Lambeth;1.4655172413793103;1.7672413793103448;116;333;0.3483483483483483;1.6163793103448274;2018;1.4655172413793103;1.7672413793103448;116;333;0.3483483483483483;1.6163793103448274;False;False;True;False;False;False;False;False;False;False;False;False;False;False;False;False;False;False;False;False;False;False;True;False;False;False;False;False;False;False;False;False;False;False
85;2018;Female;White;Lewisham;1.3257575757575757;1.6666666666666667;132;348;0.3793103448275862;1.496212121212121;2018;1.3257575757575757;1.6666666666666667;132;348;0.3793103448275862;1.496212121212121;False;False;True;False;False;False;False;False;False;False;False;False;False;False;False;False;False;False;False;False;False;False;False;True;False;False;False;False;False;False;False;False;False;False
86;2018;Female;White;Merton;1.5583333333333333;1.9083333333333334;120;357;0.33613445378151263;1.7333333333333334;2018;1.5583333333333333;1.9083333333333334;120;357;0.33613445378151263;1.7333333333333334;False;False;True;False;False;False;False;False;False;False;False;False;False;False;False;False;False;False;False;False;False;False;False;False;True;False;False;False;False;False;False;False;False;False
87;2018;Female;White;Newham;1.441860465116279;1.802325581395349;86;350;0.24571428571428572;1.622093023255814;2018;1.441860465116279;1.802325581395349;86;350;0.24571428571428572;1.622093023255814;False;False;True;False;False;False;False;False;False;False;False;False;False;False;False;False;False;False;False;False;False;False;False;False;False;True;False;False;False;False;False;False;False;False
88;2018;Female;White;Redbridge;1.4285714285714286;1.6263736263736264;91;367;0.24795640326975477;1.5274725274725274;2018;1.4285714285714286;1.6263736263736264;91;367;0.24795640326975477;1.5274725274725274;False;False;True;False;False;False;False;False;False;False;False;False;False;False;False;False;False;False;False;False;False;False;False;False;False;False;True;False;False;False;False;False;False;False
89;2018;Female;White;Richmond upon Thames;1.4494949494949494;1.8080808080808082;198;377;0.5251989389920424;1.628787878787879;2018;1.4494949494949494;1.8080808080808082;198;377;0.5251989389920424;1.628787878787879;False;False;True;False;False;False;False;False;False;False;False;False;False;False;False;False;False;False;False;False;False;False;False;False;False;False;False;True;False;False;False;False;False;False
90;2018;Female;White;Southwark;1.4;1.819047619047619;105;324;0.32407407407407407;1.6095238095238096;2018;1.4;1.819047619047619;105;324;0.32407407407407407;1.6095238095238096;False;False;True;False;False;False;False;False;False;False;False;False;False;False;False;False;False;False;False;False;False;False;False;False;False;False;False;False;True;False;False;False;False;False
91;2018;Female;White;Sutton;1.5119047619047619;1.8154761904761905;168;365;0.4602739726027397;1.6636904761904763;2018;1.5119047619047619;1.8154761904761905;168;365;0.4602739726027397;1.6636904761904763;False;False;True;False;False;False;False;False;False;False;False;False;False;False;False;False;False;False;False;False;False;False;False;False;False;False;False;False;False;True;False;False;False;False
92;2018;Female;White;Tower Hamlets;1.2530120481927711;1.5421686746987953;83;357;0.23249299719887956;1.3975903614457832;2018;1.2530120481927711;1.5421686746987953;83;357;0.23249299719887956;1.3975903614457832;False;False;True;False;False;False;False;False;False;False;False;False;False;False;False;False;False;False;False;False;False;False;False;False;False;False;False;False;False;False;True;False;False;False
93;2018;Female;White;Waltham Forest;1.372093023255814;1.7209302325581395;129;371;0.3477088948787062;1.5465116279069768;2018;1.372093023255814;1.7209302325581395;129;371;0.3477088948787062;1.5465116279069768;False;False;True;False;False;False;False;False;False;False;False;False;False;False;False;False;False;False;False;False;False;False;False;False;False;False;False;False;False;False;False;True;False;False
94;2018;Female;White;Wandsworth;1.2727272727272727;1.5606060606060606;132;331;0.3987915407854985;1.4166666666666665;2018;1.2727272727272727;1.5606060606060606;132;331;0.3987915407854985;1.4166666666666665;False;False;True;False;False;False;False;False;False;False;False;False;False;False;False;False;False;False;False;False;False;False;False;False;False;False;False;False;False;False;False;False;True;False
95;2018;Female;White;Westminster;1.435897435897436;1.7863247863247864;117;327;0.3577981651376147;1.6111111111111112;2018;1.435897435897436;1.7863247863247864;117;327;0.3577981651376147;1.6111111111111112;False;False;True;False;False;False;False;False;False;False;False;False;False;False;False;False;False;False;False;False;False;False;False;False;False;False;False;False;False;False;False;False;False;True
96;2018;Male;Asian;Barking and Dagenham;1.3;1.625;40;373;0.10723860589812333;1.4625;2018;1.3;1.625;40;373;0.10723860589812333;1.4625;True;False;False;False;False;False;False;False;False;False;False;False;False;False;False;False;False;False;False;False;False;False;False;False;False;False;False;False;False;False;False;False;False;False
97;2018;Male;Asian;Barnet;1.5862068965517242;1.8620689655172413;29;368;0.07880434782608696;1.7241379310344827;2018;1.5862068965517242;1.8620689655172413;29;368;0.07880434782608696;1.7241379310344827;True;False;False;True;False;False;False;False;False;False;False;False;False;False;False;False;False;False;False;False;False;False;False;False;False;False;False;False;False;False;False;False;False;False
98;2018;Male;Asian;Bexley;1.1818181818181819;1.6363636363636365;11;371;0.029649595687331536;1.4090909090909092;2018;1.1818181818181819;1.6363636363636365;11;371;0.029649595687331536;1.4090909090909092;True;False;False;False;True;False;False;False;False;False;False;False;False;False;False;False;False;False;False;False;False;False;False;False;False;False;False;False;False;False;False;False;False;False
99;2018;Male;Asian;Brent;1.3703703703703705;1.7777777777777777;54;354;0.15254237288135594;1.574074074074074;2018;1.3703703703703705;1.7777777777777777;54;354;0.15254237288135594;1.574074074074074;True;False;False;False;False;True;False;False;False;False;False;False;False;False;False;False;False;False;False;False;False;False;False;False;False;False;False;False;False;False;False;False;False;False
100;2018;Male;Asian;Bromley;1.375;1.625;16;374;0.0427807486631016;1.5;2018;1.375;1.625;16;374;0.0427807486631016;1.5;True;False;False;False;False;False;True;False;False;False;False;False;False;False;False;False;False;False;False;False;False;False;False;False;False;False;False;False;False;False;False;False;False;False
101;2018;Male;Asian;Camden;1.4;1.84;25;365;0.0684931506849315;1.62;2018;1.4;1.84;25;365;0.0684931506849315;1.62;True;False;False;False;False;False;False;True;False;False;False;False;False;False;False;False;False;False;False;False;False;False;False;False;False;False;False;False;False;False;False;False;False;False
102;2018;Male;Asian;Croydon;1.4871794871794872;1.8461538461538463;39;357;0.1092436974789916;1.6666666666666667;2018;1.4871794871794872;1.8461538461538463;39;357;0.1092436974789916;1.6666666666666667;True;False;False;False;False;False;False;False;True;False;False;False;False;False;False;False;False;False;False;False;False;False;False;False;False;False;False;False;False;False;False;False;False;False
103;2018;Male;Asian;Ealing;1.3272727272727274;1.9272727272727272;55;358;0.15363128491620112;1.6272727272727274;2018;1.3272727272727274;1.9272727272727272;55;358;0.15363128491620112;1.6272727272727274;True;False;False;False;False;False;False;False;False;True;False;False;False;False;False;False;False;False;False;False;False;False;False;False;False;False;False;False;False;False;False;False;False;False
104;2018;Male;Asian;Enfield;1.5;1.9166666666666667;12;356;0.033707865168539325;1.7083333333333335;2018;1.5;1.9166666666666667;12;356;0.033707865168539325;1.7083333333333335;True;False;False;False;False;False;False;False;False;False;True;False;False;False;False;False;False;False;False;False;False;False;False;False;False;False;False;False;False;False;False;False;False;False
105;2018;Male;Asian;Greenwich;1.4666666666666666;1.8;30;350;0.08571428571428572;1.6333333333333333;2018;1.4666666666666666;1.8;30;350;0.08571428571428572;1.6333333333333333;True;False;False;False;False;False;False;False;False;False;False;True;False;False;False;False;False;False;False;False;False;False;False;False;False;False;False;False;False;False;False;False;False;False
106;2018;Male;Asian;Hackney;1.125;1.8125;16;375;0.042666666666666665;1.46875;2018;1.125;1.8125;16;375;0.042666666666666665;1.46875;True;False;False;False;False;False;False;False;False;False;False;False;True;False;False;False;False;False;False;False;False;False;False;False;False;False;False;False;False;False;False;False;False;False
107;2018;Male;Asian;Hammersmith and Fulham;1.7272727272727273;1.9090909090909092;11;338;0.03254437869822485;1.8181818181818183;2018;1.7272727272727273;1.9090909090909092;11;338;0.03254437869822485;1.8181818181818183;True;False;False;False;False;False;False;False;False;False;False;False;False;True;False;False;False;False;False;False;False;False;False;False;False;False;False;False;False;False;False;False;False;False
108;2018;Male;Asian;Haringey;1.35;2.05;20;355;0.056338028169014086;1.7;2018;1.35;2.05;20;355;0.056338028169014086;1.7;True;False;False;False;False;False;False;False;False;False;False;False;False;False;True;False;False;False;False;False;False;False;False;False;False;False;False;False;False;False;False;False;False;False
109;2018;Male;Asian;Harrow;1.4266666666666667;1.76;75;353;0.21246458923512748;1.5933333333333333;2018;1.4266666666666667;1.76;75;353;0.21246458923512748;1.5933333333333333;True;False;False;False;False;False;False;False;False;False;False;False;False;False;False;True;False;False;False;False;False;False;False;False;False;False;False;False;False;False;False;False;False;False
110;2018;Male;Asian;Havering;1.7647058823529411;1.7647058823529411;17;363;0.046831955922865015;1.7647058823529411;2018;1.7647058823529411;1.7647058823529411;17;363;0.046831955922865015;1.7647058823529411;True;False;False;False;False;False;False;False;False;False;False;False;False;False;False;False;True;False;False;False;False;False;False;False;False;False;False;False;False;False;False;False;False;False
111;2018;Male;Asian;Hillingdon;1.553191489361702;1.9574468085106382;47;368;0.12771739130434784;1.7553191489361701;2018;1.553191489361702;1.9574468085106382;47;368;0.12771739130434784;1.7553191489361701;True;False;False;False;False;False;False;False;False;False;False;False;False;False;False;False;False;True;False;False;False;False;False;False;False;False;False;False;False;False;False;False;False;False
112;2018;Male;Asian;Hounslow;1.52;1.94;50;359;0.1392757660167131;1.73;2018;1.52;1.94;50;359;0.1392757660167131;1.73;True;False;False;False;False;False;False;False;False;False;False;False;False;False;False;False;False;False;True;False;False;False;False;False;False;False;False;False;False;False;False;False;False;False
113;2018;Male;Asian;Islington;1.2727272727272727;1.7272727272727273;11;355;0.030985915492957747;1.5;2018;1.2727272727272727;1.7272727272727273;11;355;0.030985915492957747;1.5;True;False;False;False;False;False;False;False;False;False;False;False;False;False;False;False;False;False;False;True;False;False;False;False;False;False;False;False;False;False;False;False;False;False
114;2018;Male;Asian;Kensington and Chelsea;1.7142857142857142;1.8571428571428572;14;317;0.04416403785488959;1.7857142857142856;2018;1.7142857142857142;1.8571428571428572;14;317;0.04416403785488959;1.7857142857142856;True;False;False;False;False;False;False;False;False;False;False;False;False;False;False;False;False;False;False;False;True;False;False;False;False;False;False;False;False;False;False;False;False;False
115;2018;Male;Asian;Kingston upon Thames;1.5185185185185186;2.0;27;372;0.07258064516129033;1.7592592592592593;2018;1.5185185185185186;2.0;27;372;0.07258064516129033;1.7592592592592593;True;False;False;False;False;False;False;False;False;False;False;False;False;False;False;False;False;False;False;False;False;True;False;False;False;False;False;False;False;False;False;False;False;False
116;2018;Male;Asian;Lambeth;1.0;2.5;6;333;0.018018018018018018;1.75;2018;1.0;2.5;6;333;0.018018018018018018;1.75;True;False;False;False;False;False;False;False;False;False;False;False;False;False;False;False;False;False;False;False;False;False;True;False;False;False;False;False;False;False;False;False;False;False
117;2018;Male;Asian;Lewisham;1.3333333333333333;1.5555555555555556;9;348;0.02586206896551724;1.4444444444444444;2018;1.3333333333333333;1.5555555555555556;9;348;0.02586206896551724;1.4444444444444444;True;False;False;False;False;False;False;False;False;False;False;False;False;False;False;False;False;False;False;False;False;False;False;True;False;False;False;False;False;False;False;False;False;False
118;2018;Male;Asian;Merton;1.6176470588235294;2.0;34;357;0.09523809523809523;1.8088235294117647;2018;1.6176470588235294;2.0;34;357;0.09523809523809523;1.8088235294117647;True;False;False;False;False;False;False;False;False;False;False;False;False;False;False;False;False;False;False;False;False;False;False;False;True;False;False;False;False;False;False;False;False;False
119;2018;Male;Asian;Newham;1.5576923076923077;1.8269230769230769;52;350;0.14857142857142858;1.6923076923076923;2018;1.5576923076923077;1.8269230769230769;52;350;0.14857142857142858;1.6923076923076923;True;False;False;False;False;False;False;False;False;False;False;False;False;False;False;False;False;False;False;False;False;False;False;False;False;True;False;False;False;False;False;False;False;False
120;2018;Male;Asian;Redbridge;1.3176470588235294;1.588235294117647;85;367;0.23160762942779292;1.4529411764705882;2018;1.3176470588235294;1.588235294117647;85;367;0.23160762942779292;1.4529411764705882;True;False;False;False;False;False;False;False;False;False;False;False;False;False;False;False;False;False;False;False;False;False;False;False;False;False;True;False;False;False;False;False;False;False
121;2018;Male;Asian;Richmond upon Thames;1.6666666666666667;1.9166666666666667;12;377;0.03183023872679045;1.7916666666666667;2018;1.6666666666666667;1.9166666666666667;12;377;0.03183023872679045;1.7916666666666667;True;False;False;False;False;False;False;False;False;False;False;False;False;False;False;False;False;False;False;False;False;False;False;False;False;False;False;True;False;False;False;False;False;False
122;2018;Male;Asian;Southwark;1.375;2.0;8;324;0.024691358024691357;1.6875;2018;1.375;2.0;8;324;0.024691358024691357;1.6875;True;False;False;False;False;False;False;False;False;False;False;False;False;False;False;False;False;False;False;False;False;False;False;False;False;False;False;False;True;False;False;False;False;False
123;2018;Male;Asian;Sutton;1.65;2.05;20;365;0.0547945205479452;1.8499999999999999;2018;1.65;2.05;20;365;0.0547945205479452;1.8499999999999999;True;False;False;False;False;False;False;False;False;False;False;False;False;False;False;False;False;False;False;False;False;False;False;False;False;False;False;False;False;True;False;False;False;False
124;2018;Male;Asian;Tower Hamlets;1.4166666666666667;1.75;60;357;0.16806722689075632;1.5833333333333335;2018;1.4166666666666667;1.75;60;357;0.16806722689075632;1.5833333333333335;True;False;False;False;False;False;False;False;False;False;False;False;False;False;False;False;False;False;False;False;False;False;False;False;False;False;False;False;False;False;True;False;False;False
125;2018;Male;Asian;Waltham Forest;1.4285714285714286;1.619047619047619;21;371;0.05660377358490566;1.5238095238095237;2018;1.4285714285714286;1.619047619047619;21;371;0.05660377358490566;1.5238095238095237;True;False;False;False;False;False;False;False;False;False;False;False;False;False;False;False;False;False;False;False;False;False;False;False;False;False;False;False;False;False;False;True;False;False
126;2018;Male;Asian;Wandsworth;1.4;1.9;10;331;0.030211480362537766;1.65;2018;1.4;1.9;10;331;0.030211480362537766;1.65;True;False;False;False;False;False;False;False;False;False;False;False;False;False;False;False;False;False;False;False;False;False;False;False;False;False;False;False;False;False;False;False;True;False
127;2018;Male;Asian;Westminster;1.5925925925925926;1.8888888888888888;27;327;0.08256880733944955;1.7407407407407407;2018;1.5925925925925926;1.8888888888888888;27;327;0.08256880733944955;1.7407407407407407;True;False;False;False;False;False;False;False;False;False;False;False;False;False;False;False;False;False;False;False;False;False;False;False;False;False;False;False;False;False;False;False;False;True
128;2018;Male;Black;Barking and Dagenham;1.4761904761904763;1.9047619047619047;21;373;0.05630026809651475;1.6904761904761905;2018;1.4761904761904763;1.9047619047619047;21;373;0.05630026809651475;1.6904761904761905;True;True;False;False;False;False;False;False;False;False;False;False;False;False;False;False;False;False;False;False;False;False;False;False;False;False;False;False;False;False;False;False;False;False
129;2018;Male;Black;Barnet;1.5;1.6666666666666667;12;368;0.03260869565217391;1.5833333333333335;2018;1.5;1.6666666666666667;12;368;0.03260869565217391;1.5833333333333335;True;True;False;True;False;False;False;False;False;False;False;False;False;False;False;False;False;False;False;False;False;False;False;False;False;False;False;False;False;False;False;False;False;False
130;2018;Male;Black;Bexley;1.3571428571428572;1.5714285714285714;14;371;0.03773584905660377;1.4642857142857144;2018;1.3571428571428572;1.5714285714285714;14;371;0.03773584905660377;1.4642857142857144;True;True;False;False;True;False;False;False;False;False;False;False;False;False;False;False;False;False;False;False;False;False;False;False;False;False;False;False;False;False;False;False;False;False
131;2018;Male;Black;Brent;1.3103448275862069;1.6551724137931034;29;354;0.08192090395480225;1.4827586206896552;2018;1.3103448275862069;1.6551724137931034;29;354;0.08192090395480225;1.4827586206896552;True;True;False;False;False;True;False;False;False;False;False;False;False;False;False;False;False;False;False;False;False;False;False;False;False;False;False;False;False;False;False;False;False;False
132;2018;Male;Black;Bromley;1.4166666666666667;1.6666666666666667;12;374;0.03208556149732621;1.5416666666666667;2018;1.4166666666666667;1.6666666666666667;12;374;0.03208556149732621;1.5416666666666667;True;True;False;False;False;False;True;False;False;False;False;False;False;False;False;False;False;False;False;False;False;False;False;False;False;False;False;False;False;False;False;False;False;False
133;2018;Male;Black;Camden;1.4615384615384615;1.9230769230769231;13;365;0.03561643835616438;1.6923076923076923;2018;1.4615384615384615;1.9230769230769231;13;365;0.03561643835616438;1.6923076923076923;True;True;False;False;False;False;False;True;False;False;False;False;False;False;False;False;False;False;False;False;False;False;False;False;False;False;False;False;False;False;False;False;False;False
134;2018;Male;Black;Croydon;1.3333333333333333;1.7272727272727273;33;357;0.09243697478991597;1.5303030303030303;2018;1.3333333333333333;1.7272727272727273;33;357;0.09243697478991597;1.5303030303030303;True;True;False;False;False;False;False;False;True;False;False;False;False;False;False;False;False;False;False;False;False;False;False;False;False;False;False;False;False;False;False;False;False;False
135;2018;Male;Black;Ealing;1.45;1.85;20;358;0.055865921787709494;1.65;2018;1.45;1.85;20;358;0.055865921787709494;1.65;True;True;False;False;False;False;False;False;False;True;False;False;False;False;False;False;False;False;False;False;False;False;False;False;False;False;False;False;False;False;False;False;False;False
136;2018;Male;Black;Enfield;1.3333333333333333;1.9523809523809523;21;356;0.05898876404494382;1.6428571428571428;2018;1.3333333333333333;1.9523809523809523;21;356;0.05898876404494382;1.6428571428571428;True;True;False;False;False;False;False;False;False;False;True;False;False;False;False;False;False;False;False;False;False;False;False;False;False;False;False;False;False;False;False;False;False;False
137;2018;Male;Black;Greenwich;1.4333333333333333;1.7666666666666666;30;350;0.08571428571428572;1.6;2018;1.4333333333333333;1.7666666666666666;30;350;0.08571428571428572;1.6;True;True;False;False;False;False;False;False;False;False;False;True;False;False;False;False;False;False;False;False;False;False;False;False;False;False;False;False;False;False;False;False;False;False
138;2018;Male;Black;Hackney;1.425;1.675;40;375;0.10666666666666667;1.55;2018;1.425;1.675;40;375;0.10666666666666667;1.55;True;True;False;False;False;False;False;False;False;False;False;False;True;False;False;False;False;False;False;False;False;False;False;False;False;False;False;False;False;False;False;False;False;False
139;2018;Male;Black;Hammersmith and Fulham;1.1764705882352942;1.5294117647058822;17;338;0.05029585798816568;1.3529411764705883;2018;1.1764705882352942;1.5294117647058822;17;338;0.05029585798816568;1.3529411764705883;True;True;False;False;False;False;False;False;False;False;False;False;False;True;False;False;False;False;False;False;False;False;False;False;False;False;False;False;False;False;False;False;False;False
140;2018;Male;Black;Haringey;1.3636363636363635;1.8863636363636365;44;355;0.12394366197183099;1.625;2018;1.3636363636363635;1.8863636363636365;44;355;0.12394366197183099;1.625;True;True;False;False;False;False;False;False;False;False;False;False;False;False;True;False;False;False;False;False;False;False;False;False;False;False;False;False;False;False;False;False;False;False
141;2018;Male;Black;Harrow;1.0769230769230769;1.6923076923076923;13;353;0.036827195467422094;1.3846153846153846;2018;1.0769230769230769;1.6923076923076923;13;353;0.036827195467422094;1.3846153846153846;True;True;False;False;False;False;False;False;False;False;False;False;False;False;False;True;False;False;False;False;False;False;False;False;False;False;False;False;False;False;False;False;False;False
142;2018;Male;Black;Havering;1.5714285714285714;1.7142857142857142;7;363;0.01928374655647383;1.6428571428571428;2018;1.5714285714285714;1.7142857142857142;7;363;0.01928374655647383;1.6428571428571428;True;True;False;False;False;False;False;False;False;False;False;False;False;False;False;False;True;False;False;False;False;False;False;False;False;False;False;False;False;False;False;False;False;False
143;2018;Male;Black;Hillingdon;1.1818181818181819;2.090909090909091;11;368;0.029891304347826088;1.6363636363636362;2018;1.1818181818181819;2.090909090909091;11;368;0.029891304347826088;1.6363636363636362;True;True;False;False;False;False;False;False;False;False;False;False;False;False;False;False;False;True;False;False;False;False;False;False;False;False;False;False;False;False;False;False;False;False
144;2018;Male;Black;Hounslow;1.5;1.9;10;359;0.027855153203342618;1.7;2018;1.5;1.9;10;359;0.027855153203342618;1.7;True;True;False;False;False;False;False;False;False;False;False;False;False;False;False;False;False;False;True;False;False;False;False;False;False;False;False;False;False;False;False;False;False;False
145;2018;Male;Black;Islington;1.3181818181818181;1.7727272727272727;22;355;0.061971830985915494;1.5454545454545454;2018;1.3181818181818181;1.7727272727272727;22;355;0.061971830985915494;1.5454545454545454;True;True;False;False;False;False;False;False;False;False;False;False;False;False;False;False;False;False;False;True;False;False;False;False;False;False;False;False;False;False;False;False;False;False
146;2018;Male;Black;Kensington and Chelsea;1.7142857142857142;2.142857142857143;7;317;0.022082018927444796;1.9285714285714284;2018;1.7142857142857142;2.142857142857143;7;317;0.022082018927444796;1.9285714285714284;True;True;False;False;False;False;False;False;False;False;False;False;False;False;False;False;False;False;False;False;True;False;False;False;False;False;False;False;False;False;False;False;False;False
147;2018;Male;Black;Kingston upon Thames;2.0;2.0;3;372;0.008064516129032258;2.0;2018;2.0;2.0;3;372;0.008064516129032258;2.0;True;True;False;False;False;False;False;False;False;False;False;False;False;False;False;False;False;False;False;False;False;True;False;False;False;False;False;False;False;False;False;False;False;False
148;2018;Male;Black;Lambeth;1.3428571428571427;1.7714285714285714;35;333;0.10510510510510511;1.557142857142857;2018;1.3428571428571427;1.7714285714285714;35;333;0.10510510510510511;1.557142857142857;True;True;False;False;False;False;False;False;False;False;False;False;False;False;False;False;False;False;False;False;False;False;True;False;False;False;False;False;False;False;False;False;False;False
149;2018;Male;Black;Lewisham;1.2972972972972974;1.7837837837837838;37;348;0.10632183908045977;1.5405405405405406;2018;1.2972972972972974;1.7837837837837838;37;348;0.10632183908045977;1.5405405405405406;True;True;False;False;False;False;False;False;False;False;False;False;False;False;False;False;False;False;False;False;False;False;False;True;False;False;False;False;False;False;False;False;False;False
150;2018;Male;Black;Merton;1.6818181818181819;1.7727272727272727;22;357;0.06162464985994398;1.7272727272727273;2018;1.6818181818181819;1.7727272727272727;22;357;0.06162464985994398;1.7272727272727273;True;True;False;False;False;False;False;False;False;False;False;False;False;False;False;False;False;False;False;False;False;False;False;False;True;False;False;False;False;False;False;False;False;False
151;2018;Male;Black;Newham;1.4230769230769231;1.8846153846153846;26;350;0.07428571428571429;1.6538461538461537;2018;1.4230769230769231;1.8846153846153846;26;350;0.07428571428571429;1.6538461538461537;True;True;False;False;False;False;False;False;False;False;False;False;False;False;False;False;False;False;False;False;False;False;False;False;False;True;False;False;False;False;False;False;False;False
152;2018;Male;Black;Redbridge;1.6666666666666667;2.2222222222222223;9;367;0.02452316076294278;1.9444444444444446;2018;1.6666666666666667;2.2222222222222223;9;367;0.02452316076294278;1.9444444444444446;True;True;False;False;False;False;False;False;False;False;False;False;False;False;False;False;False;False;False;False;False;False;False;False;False;False;True;False;False;False;False;False;False;False
153;2018;Male;Black;Richmond upon Thames;3.0;2.0;1;377;0.002652519893899204;2.5;2018;3.0;2.0;1;377;0.002652519893899204;2.5;True;True;False;False;False;False;False;False;False;False;False;False;False;False;False;False;False;False;False;False;False;False;False;False;False;False;False;True;False;False;False;False;False;False
154;2018;Male;Black;Southwark;1.4;1.8;35;324;0.10802469135802469;1.6;2018;1.4;1.8;35;324;0.10802469135802469;1.6;True;True;False;False;False;False;False;False;False;False;False;False;False;False;False;False;False;False;False;False;False;False;False;False;False;False;False;False;True;False;False;False;False;False
155;2018;Male;Black;Sutton;1.1111111111111112;1.7777777777777777;9;365;0.024657534246575342;1.4444444444444444;2018;1.1111111111111112;1.7777777777777777;9;365;0.024657534246575342;1.4444444444444444;True;True;False;False;False;False;False;False;False;False;False;False;False;False;False;False;False;False;False;False;False;False;False;False;False;False;False;False;False;True;False;False;False;False
156;2018;Male;Black;Tower Hamlets;2.0;2.0;7;357;0.0196078431372549;2.0;2018;2.0;2.0;7;357;0.0196078431372549;2.0;True;True;False;False;False;False;False;False;False;False;False;False;False;False;False;False;False;False;False;False;False;False;False;False;False;False;False;False;False;False;True;False;False;False
157;2018;Male;Black;Waltham Forest;1.1363636363636365;1.6818181818181819;22;371;0.05929919137466307;1.4090909090909092;2018;1.1363636363636365;1.6818181818181819;22;371;0.05929919137466307;1.4090909090909092;True;True;False;False;False;False;False;False;False;False;False;False;False;False;False;False;False;False;False;False;False;False;False;False;False;False;False;False;False;False;False;True;False;False
158;2018;Male;Black;Wandsworth;1.1538461538461537;1.6923076923076923;13;331;0.03927492447129909;1.423076923076923;2018;1.1538461538461537;1.6923076923076923;13;331;0.03927492447129909;1.423076923076923;True;True;False;False;False;False;False;False;False;False;False;False;False;False;False;False;False;False;False;False;False;False;False;False;False;False;False;False;False;False;False;False;True;False
159;2018;Male;Black;Westminster;1.1428571428571428;1.7142857142857142;7;327;0.021406727828746176;1.4285714285714284;2018;1.1428571428571428;1.7142857142857142;7;327;0.021406727828746176;1.4285714285714284;True;True;False;False;False;False;False;False;False;False;False;False;False;False;False;False;False;False;False;False;False;False;False;False;False;False;False;False;False;False;False;False;False;True
160;2018;Male;White;Barking and Dagenham;1.4310344827586208;1.8103448275862069;116;373;0.3109919571045576;1.6206896551724137;2018;1.4310344827586208;1.8103448275862069;116;373;0.3109919571045576;1.6206896551724137;True;False;True;False;False;False;False;False;False;False;False;False;False;False;False;False;False;False;False;False;False;False;False;False;False;False;False;False;False;False;False;False;False;False
161;2018;Male;White;Barnet;1.4621848739495797;1.8823529411764706;119;368;0.3233695652173913;1.672268907563025;2018;1.4621848739495797;1.8823529411764706;119;368;0.3233695652173913;1.672268907563025;True;False;True;True;False;False;False;False;False;False;False;False;False;False;False;False;False;False;False;False;False;False;False;False;False;False;False;False;False;False;False;False;False;False
162;2018;Male;White;Bexley;1.3900709219858156;1.5106382978723405;141;371;0.38005390835579517;1.450354609929078;2018;1.3900709219858156;1.5106382978723405;141;371;0.38005390835579517;1.450354609929078;True;False;True;False;True;False;False;False;False;False;False;False;False;False;False;False;False;False;False;False;False;False;False;False;False;False;False;False;False;False;False;False;False;False
163;2018;Male;White;Brent;1.3614457831325302;1.7710843373493976;83;354;0.2344632768361582;1.5662650602409638;2018;1.3614457831325302;1.7710843373493976;83;354;0.2344632768361582;1.5662650602409638;True;False;True;False;False;True;False;False;False;False;False;False;False;False;False;False;False;False;False;False;False;False;False;False;False;False;False;False;False;False;False;False;False;False
164;2018;Male;White;Bromley;1.5032258064516129;1.7419354838709677;155;374;0.4144385026737968;1.6225806451612903;2018;1.5032258064516129;1.7419354838709677;155;374;0.4144385026737968;1.6225806451612903;True;False;True;False;False;False;True;False;False;False;False;False;False;False;False;False;False;False;False;False;False;False;False;False;False;False;False;False;False;False;False;False;False;False
165;2018;Male;White;Camden;1.4598540145985401;1.897810218978102;137;365;0.37534246575342467;1.6788321167883211;2018;1.4598540145985401;1.897810218978102;137;365;0.37534246575342467;1.6788321167883211;True;False;True;False;False;False;False;True;False;False;False;False;False;False;False;False;False;False;False;False;False;False;False;False;False;False;False;False;False;False;False;False;False;False
166;2018;Male;White;Croydon;1.4150943396226414;1.7735849056603774;106;357;0.2969187675070028;1.5943396226415094;2018;1.4150943396226414;1.7735849056603774;106;357;0.2969187675070028;1.5943396226415094;True;False;True;False;False;False;False;False;True;False;False;False;False;False;False;False;False;False;False;False;False;False;False;False;False;False;False;False;False;False;False;False;False;False
167;2018;Male;White;Ealing;1.5339805825242718;1.7766990291262137;103;358;0.2877094972067039;1.6553398058252426;2018;1.5339805825242718;1.7766990291262137;103;358;0.2877094972067039;1.6553398058252426;True;False;True;False;False;False;False;False;False;True;False;False;False;False;False;False;False;False;False;False;False;False;False;False;False;False;False;False;False;False;False;False;False;False
168;2018;Male;White;Enfield;1.3669724770642202;1.7431192660550459;109;356;0.3061797752808989;1.5550458715596331;2018;1.3669724770642202;1.7431192660550459;109;356;0.3061797752808989;1.5550458715596331;True;False;True;False;False;False;False;False;False;False;True;False;False;False;False;False;False;False;False;False;False;False;False;False;False;False;False;False;False;False;False;False;False;False
169;2018;Male;White;Greenwich;1.4;1.711111111111111;90;350;0.2571428571428571;1.5555555555555554;2018;1.4;1.711111111111111;90;350;0.2571428571428571;1.5555555555555554;True;False;True;False;False;False;False;False;False;False;False;True;False;False;False;False;False;False;False;False;False;False;False;False;False;False;False;False;False;False;False;False;False;False
170;2018;Male;White;Hackney;1.32;1.7;100;375;0.26666666666666666;1.51;2018;1.32;1.7;100;375;0.26666666666666666;1.51;True;False;True;False;False;False;False;False;False;False;False;False;True;False;False;False;False;False;False;False;False;False;False;False;False;False;False;False;False;False;False;False;False;False
171;2018;Male;White;Hammersmith and Fulham;1.4817518248175183;1.6715328467153285;137;338;0.40532544378698226;1.5766423357664234;2018;1.4817518248175183;1.6715328467153285;137;338;0.40532544378698226;1.5766423357664234;True;False;True;False;False;False;False;False;False;False;False;False;False;True;False;False;False;False;False;False;False;False;False;False;False;False;False;False;False;False;False;False;False;False
172;2018;Male;White;Haringey;1.4553571428571428;1.8839285714285714;112;355;0.3154929577464789;1.6696428571428572;2018;1.4553571428571428;1.8839285714285714;112;355;0.3154929577464789;1.6696428571428572;True;False;True;False;False;False;False;False;False;False;False;False;False;False;True;False;False;False;False;False;False;False;False;False;False;False;False;False;False;False;False;False;False;False
173;2018;Male;White;Harrow;1.3285714285714285;1.957142857142857;70;353;0.19830028328611898;1.6428571428571428;2018;1.3285714285714285;1.957142857142857;70;353;0.19830028328611898;1.6428571428571428;True;False;True;False;False;False;False;False;False;False;False;False;False;False;False;True;False;False;False;False;False;False;False;False;False;False;False;False;False;False;False;False;False;False
174;2018;Male;White;Havering;1.451851851851852;1.7925925925925925;135;363;0.371900826446281;1.6222222222222222;2018;1.451851851851852;1.7925925925925925;135;363;0.371900826446281;1.6222222222222222;True;False;True;False;False;False;False;False;False;False;False;False;False;False;False;False;True;False;False;False;False;False;False;False;False;False;False;False;False;False;False;False;False;False
175;2018;Male;White;Hillingdon;1.5727272727272728;1.981818181818182;110;368;0.29891304347826086;1.7772727272727273;2018;1.5727272727272728;1.981818181818182;110;368;0.29891304347826086;1.7772727272727273;True;False;True;False;False;False;False;False;False;False;False;False;False;False;False;False;False;True;False;False;False;False;False;False;False;False;False;False;False;False;False;False;False;False
176;2018;Male;White;Hounslow;1.5922330097087378;1.9223300970873787;103;359;0.28690807799442897;1.7572815533980584;2018;1.5922330097087378;1.9223300970873787;103;359;0.28690807799442897;1.7572815533980584;True;False;True;False;False;False;False;False;False;False;False;False;False;False;False;False;False;False;True;False;False;False;False;False;False;False;False;False;False;False;False;False;False;False
177;2018;Male;White;Islington;1.3333333333333333;1.7982456140350878;114;355;0.3211267605633803;1.5657894736842106;2018;1.3333333333333333;1.7982456140350878;114;355;0.3211267605633803;1.5657894736842106;True;False;True;False;False;False;False;False;False;False;False;False;False;False;False;False;False;False;False;True;False;False;False;False;False;False;False;False;False;False;False;False;False;False
178;2018;Male;White;Kensington and Chelsea;1.6180555555555556;1.9027777777777777;144;317;0.45425867507886436;1.7604166666666665;2018;1.6180555555555556;1.9027777777777777;144;317;0.45425867507886436;1.7604166666666665;True;False;True;False;False;False;False;False;False;False;False;False;False;False;False;False;False;False;False;False;True;False;False;False;False;False;False;False;False;False;False;False;False;False
179;2018;Male;White;Kingston upon Thames;1.588235294117647;1.8562091503267975;153;372;0.4112903225806452;1.7222222222222223;2018;1.588235294117647;1.8562091503267975;153;372;0.4112903225806452;1.7222222222222223;True;False;True;False;False;False;False;False;False;False;False;False;False;False;False;False;False;False;False;False;False;True;False;False;False;False;False;False;False;False;False;False;False;False
180;2018;Male;White;Lambeth;1.3689320388349515;1.7184466019417475;103;333;0.30930930930930933;1.5436893203883495;2018;1.3689320388349515;1.7184466019417475;103;333;0.30930930930930933;1.5436893203883495;True;False;True;False;False;False;False;False;False;False;False;False;False;False;False;False;False;False;False;False;False;False;True;False;False;False;False;False;False;False;False;False;False;False
181;2018;Male;White;Lewisham;1.4234234234234233;1.7657657657657657;111;348;0.31896551724137934;1.5945945945945945;2018;1.4234234234234233;1.7657657657657657;111;348;0.31896551724137934;1.5945945945945945;True;False;True;False;False;False;False;False;False;False;False;False;False;False;False;False;False;False;False;False;False;False;False;True;False;False;False;False;False;False;False;False;False;False
182;2018;Male;White;Merton;1.5354330708661417;1.858267716535433;127;357;0.3557422969187675;1.6968503937007875;2018;1.5354330708661417;1.858267716535433;127;357;0.3557422969187675;1.6968503937007875;True;False;True;False;False;False;False;False;False;False;False;False;False;False;False;False;False;False;False;False;False;False;False;False;True;False;False;False;False;False;False;False;False;False
183;2018;Male;White;Newham;1.3896103896103895;1.8181818181818181;77;350;0.22;1.603896103896104;2018;1.3896103896103895;1.8181818181818181;77;350;0.22;1.603896103896104;True;False;True;False;False;False;False;False;False;False;False;False;False;False;False;False;False;False;False;False;False;False;False;False;False;True;False;False;False;False;False;False;False;False
184;2018;Male;White;Redbridge;1.5161290322580645;1.7204301075268817;93;367;0.25340599455040874;1.618279569892473;2018;1.5161290322580645;1.7204301075268817;93;367;0.25340599455040874;1.618279569892473;True;False;True;False;False;False;False;False;False;False;False;False;False;False;False;False;False;False;False;False;False;False;False;False;False;False;True;False;False;False;False;False;False;False
185;2018;Male;White;Richmond upon Thames;1.4838709677419355;1.8774193548387097;155;377;0.41114058355437666;1.6806451612903226;2018;1.4838709677419355;1.8774193548387097;155;377;0.41114058355437666;1.6806451612903226;True;False;True;False;False;False;False;False;False;False;False;False;False;False;False;False;False;False;False;False;False;False;False;False;False;False;False;True;False;False;False;False;False;False
186;2018;Male;White;Southwark;1.4455445544554455;1.7524752475247525;101;324;0.3117283950617284;1.599009900990099;2018;1.4455445544554455;1.7524752475247525;101;324;0.3117283950617284;1.599009900990099;True;False;True;False;False;False;False;False;False;False;False;False;False;False;False;False;False;False;False;False;False;False;False;False;False;False;False;False;True;False;False;False;False;False
187;2018;Male;White;Sutton;1.5;1.825;120;365;0.3287671232876712;1.6625;2018;1.5;1.825;120;365;0.3287671232876712;1.6625;True;False;True;False;False;False;False;False;False;False;False;False;False;False;False;False;False;False;False;False;False;False;False;False;False;False;False;False;False;True;False;False;False;False
188;2018;Male;White;Tower Hamlets;1.2935779816513762;1.6788990825688073;109;357;0.30532212885154064;1.4862385321100917;2018;1.2935779816513762;1.6788990825688073;109;357;0.30532212885154064;1.4862385321100917;True;False;True;False;False;False;False;False;False;False;False;False;False;False;False;False;False;False;False;False;False;False;False;False;False;False;False;False;False;False;True;False;False;False
189;2018;Male;White;Waltham Forest;1.36;1.72;125;371;0.33692722371967654;1.54;2018;1.36;1.72;125;371;0.33692722371967654;1.54;True;False;True;False;False;False;False;False;False;False;False;False;False;False;False;False;False;False;False;False;False;False;False;False;False;False;False;False;False;False;False;True;False;False
190;2018;Male;White;Wandsworth;1.3865546218487395;1.815126050420168;119;331;0.3595166163141994;1.6008403361344539;2018;1.3865546218487395;1.815126050420168;119;331;0.3595166163141994;1.6008403361344539;True;False;True;False;False;False;False;False;False;False;False;False;False;False;False;False;False;False;False;False;False;False;False;False;False;False;False;False;False;False;False;False;True;False
191;2018;Male;White;Westminster;1.624113475177305;1.900709219858156;141;327;0.43119266055045874;1.7624113475177305;2018;1.624113475177305;1.900709219858156;141;327;0.43119266055045874;1.7624113475177305;True;False;True;False;False;False;False;False;False;False;False;False;False;False;False;False;False;False;False;False;False;False;False;False;False;False;False;False;False;False;False;False;False;True
